id,first_name,last_name,email,gender,ip_address
1,Arielle,Pullin,apullin0@hugedomains.com,Female,193.10.62.228
2,Cristina,Cockram,ccockram1@feedburner.com,Female,154.158.48.232
3,Brook,Bickerdike,bbickerdike2@over-blog.com,Female,114.190.202.0
4,Lorie,Champneys,lchampneys3@tamu.edu,Female,91.137.241.125
5,Cliff,Telling,ctelling4@nature.com,Male,228.99.49.249
6,Glenden,Drepp,gdrepp5@army.mil,Male,55.79.108.127
7,Waldemar,Kidson,wkidson6@nih.gov,Male,170.239.96.83
8,Jenelle,Klimkin,jklimkin7@unc.edu,Female,1.140.163.208
9,Bealle,Drees,bdrees8@acquirethisname.com,Male,115.10.242.108
10,Herta,Notman,hnotman9@cbc.ca,Female,103.214.228.120
11,Natka,Janak,njanaka@dailymail.co.uk,Female,64.79.70.92
12,Aileen,Havile,ahavileb@wunderground.com,Female,141.128.163.252
13,Moritz,Mollitt,mmollittc@google.nl,Male,88.130.196.90
14,Aaren,Petyanin,apetyanind@hostgator.com,Female,38.230.54.130
15,Jorge,Pohlak,jpohlake@cornell.edu,Male,53.131.176.57
16,Rhea,O'Breen,robreenf@canalblog.com,Female,155.130.246.17
17,Marty,Jakes,mjakesg@issuu.com,Male,127.56.87.16
18,Christie,Redit,credith@cafepress.com,Male,155.174.219.62
19,Bear,Latchford,blatchfordi@tuttocitta.it,Male,15.209.188.123
20,Harriot,Pirozzi,hpirozzij@github.com,Female,145.128.212.45
21,Karel,O'Bradden,kobraddenk@reddit.com,Female,106.252.177.135
22,Wendell,Breslin,wbreslinl@symantec.com,Male,142.208.115.160
23,Hermione,Regnard,hregnardm@omniture.com,Female,196.138.129.162
24,Ezra,Kingsman,ekingsmann@uol.com.br,Polygender,31.226.132.190
25,Marcellina,Kilkenny,mkilkennyo@china.com.cn,Female,216.210.158.148
26,Cyril,Dhennin,cdhenninp@twitpic.com,Male,24.213.79.87
27,Homere,Fassbindler,hfassbindlerq@gravatar.com,Male,138.194.251.210
28,Roxie,Schuler,rschulerr@craigslist.org,Genderfluid,194.187.102.43
29,Roi,Tott,rtotts@yale.edu,Male,71.197.239.223
30,Obadiah,Bisset,obissett@google.it,Male,66.173.109.86
31,Sheffield,Fewell,sfewellu@plala.or.jp,Male,199.241.98.62
32,Pepillo,Tomowicz,ptomowiczv@jimdo.com,Genderfluid,63.145.14.158
33,Kaia,Grigorey,kgrigoreyw@dedecms.com,Female,223.95.206.235
34,Jarib,Hackford,jhackfordx@oakley.com,Male,120.86.85.188
35,Gary,Slisby,gslisbyy@smugmug.com,Male,30.109.106.104
36,Elizabeth,Medford,emedfordz@weather.com,Female,126.161.152.179
37,Helyn,Duckels,hduckels10@tripod.com,Female,21.67.127.38
38,Mathe,Scotford,mscotford11@xinhuanet.com,Male,145.196.126.126
39,Barde,Duggan,bduggan12@aboutads.info,Male,218.3.125.39
40,Charmaine,Dodding,cdodding13@dot.gov,Female,77.21.29.56
41,Misty,Treske,mtreske14@google.pl,Female,133.96.66.113
42,Candice,Elster,celster15@google.cn,Female,2.169.53.167
43,Finley,Abele,fabele16@yolasite.com,Genderfluid,60.62.96.153
44,Siouxie,Garbutt,sgarbutt17@weather.com,Female,159.28.128.3
45,Sargent,Rambadt,srambadt18@harvard.edu,Male,49.123.141.24
46,Martelle,Podmore,mpodmore19@abc.net.au,Female,19.76.12.188
47,Gerri,Paraman,gparaman1a@oracle.com,Female,57.242.176.106
48,Katalin,Buxsy,kbuxsy1b@51.la,Female,9.118.12.255
49,Kristy,Liley,kliley1c@cpanel.net,Female,228.168.238.37
50,Livvyy,Crandon,lcrandon1d@infoseek.co.jp,Female,248.164.52.23
51,Adrian,Ferney,aferney1e@dagondesign.com,Male,108.245.130.31
52,Scarface,Parcall,sparcall1f@engadget.com,Polygender,126.172.165.174
53,Isac,Brasse,ibrasse1g@newyorker.com,Male,57.70.115.38
54,Giulietta,Bosomworth,gbosomworth1h@wisc.edu,Female,136.113.6.95
55,Amble,Silwood,asilwood1i@geocities.com,Male,107.229.209.110
56,Aksel,Roncelli,aroncelli1j@bluehost.com,Male,125.229.240.21
57,Chloris,Ossulton,cossulton1k@amazon.de,Female,172.184.16.186
58,Johnath,Proctor,jproctor1l@163.com,Female,72.199.30.216
59,Base,Letteresse,bletteresse1m@sciencedirect.com,Male,195.63.254.194
60,Timi,Brikner,tbrikner1n@rambler.ru,Female,163.166.100.104
61,Savina,Menguy,smenguy1o@boston.com,Female,194.231.162.42
62,Stirling,Vasnev,svasnev1p@dot.gov,Male,213.82.186.116
63,Nicky,Filipputti,nfilipputti1q@nymag.com,Male,119.162.195.156
64,Vale,Souten,vsouten1r@gnu.org,Male,14.92.175.64
65,Samantha,Cumberpatch,scumberpatch1s@sina.com.cn,Female,208.47.141.107
66,Culver,Bredbury,cbredbury1t@google.fr,Male,255.143.81.87
67,Tandy,Borham,tborham1u@123-reg.co.uk,Female,165.64.243.76
68,Lanita,Laffranconi,llaffranconi1v@g.co,Female,62.123.114.219
69,Ellene,Beaman,ebeaman1w@odnoklassniki.ru,Female,153.248.11.2
70,Kendre,Friday,kfriday1x@chicagotribune.com,Female,79.90.97.195
71,Sophi,Moen,smoen1y@ustream.tv,Female,100.203.240.51
72,Christian,Semechik,csemechik1z@go.com,Female,114.6.47.255
73,Sandy,Matyas,smatyas20@simplemachines.org,Female,154.40.82.218
74,Hanni,Cashmore,hcashmore21@smh.com.au,Female,37.108.43.171
75,Lewiss,Looker,llooker22@1688.com,Male,233.19.108.163
76,Calhoun,Waddington,cwaddington23@kickstarter.com,Male,138.68.75.188
77,Clarine,Hyne,chyne24@illinois.edu,Female,96.212.28.63
78,Maurene,Sebrook,msebrook25@apache.org,Female,255.79.160.121
79,Bealle,Fleisch,bfleisch26@tuttocitta.it,Male,178.112.159.118
80,Bobbee,Bligh,bbligh27@redcross.org,Female,103.61.235.185
81,Ramon,Stidworthy,rstidworthy28@tinypic.com,Male,164.24.166.228
82,Conney,Claxton,cclaxton29@unesco.org,Male,223.91.80.221
83,Madison,Jeandeau,mjeandeau2a@nhs.uk,Male,189.66.169.103
84,Dehlia,Hinchcliffe,dhinchcliffe2b@photobucket.com,Female,131.147.182.81
85,Joana,McLafferty,jmclafferty2c@foxnews.com,Female,222.201.88.189
86,Clementius,Hughlin,chughlin2d@vinaora.com,Male,200.126.223.203
87,Katrine,Sennett,ksennett2e@usa.gov,Female,51.22.238.108
88,Jacquenette,Linnell,jlinnell2f@cisco.com,Female,6.202.253.251
89,Wes,Millthorpe,wmillthorpe2g@biglobe.ne.jp,Male,182.251.58.1
90,Rosita,Leathwood,rleathwood2h@hhs.gov,Female,17.134.206.125
91,Demetria,Gallen,dgallen2i@umn.edu,Female,14.24.131.59
92,Trina,Pedican,tpedican2j@slate.com,Female,237.221.60.33
93,Orbadiah,Logesdale,ologesdale2k@mac.com,Male,74.193.78.135
94,Gib,Fasey,gfasey2l@usda.gov,Male,115.55.109.205
95,Bryon,Redferne,bredferne2m@eventbrite.com,Male,48.53.125.127
96,Kari,Cliburn,kcliburn2n@mapquest.com,Female,83.228.32.88
97,Carilyn,De Maine,cdemaine2o@youku.com,Female,140.247.183.149
98,Valentine,Legan,vlegan2p@sphinn.com,Male,33.157.108.4
99,Arty,Datte,adatte2q@answers.com,Male,67.107.40.103
100,Hillie,Wilbore,hwilbore2r@woothemes.com,Male,95.166.6.59
101,Claribel,Lampen,clampen2s@com.com,Female,48.109.87.179
102,Toinette,Woodson,twoodson2t@disqus.com,Female,23.56.253.32
103,Conroy,Sends,csends2u@tumblr.com,Male,63.161.106.30
104,Loy,Arpino,larpino2v@forbes.com,Male,140.249.156.63
105,Casandra,Goldfinch,cgoldfinch2w@1688.com,Female,66.197.95.43
106,Hedy,Hookes,hhookes2x@digg.com,Female,127.173.207.188
107,Berty,Rosenberg,brosenberg2y@mac.com,Female,186.160.46.64
108,Ezmeralda,Waren,ewaren2z@narod.ru,Female,135.184.10.145
109,Shell,Reinard,sreinard30@vkontakte.ru,Polygender,196.139.28.155
110,Iolanthe,Mahaffey,imahaffey31@howstuffworks.com,Female,18.48.162.91
111,Arnoldo,Lunn,alunn32@sun.com,Male,242.60.226.247
112,Wade,Mully,wmully33@wikia.com,Male,97.246.185.126
113,Sonny,Cockburn,scockburn34@businesswire.com,Female,161.110.158.239
114,Stafford,Burgott,sburgott35@freewebs.com,Male,67.112.81.105
115,Dela,Barkly,dbarkly36@webnode.com,Female,45.105.59.207
116,Trudie,Ducroe,tducroe37@deliciousdays.com,Female,80.179.173.111
117,Kasper,Wheater,kwheater38@ameblo.jp,Male,246.11.222.45
118,Dian,Muzzollo,dmuzzollo39@bizjournals.com,Female,237.79.52.165
119,Kristin,Battisson,kbattisson3a@mapy.cz,Female,70.162.236.12
120,Richmond,Upwood,rupwood3b@hibu.com,Male,210.211.171.159
121,Kelsi,Finnes,kfinnes3c@examiner.com,Female,90.207.186.23
122,Billy,Axel,baxel3d@amazon.com,Female,27.185.185.4
123,Rosie,Borne,rborne3e@storify.com,Agender,180.239.126.148
124,Easter,Echalier,eechalier3f@usa.gov,Female,241.37.213.216
125,Shelley,Bedingfield,sbedingfield3g@artisteer.com,Male,209.202.39.175
126,Larina,Gennerich,lgennerich3h@canalblog.com,Female,9.146.156.175
127,Netta,Rivalant,nrivalant3i@wikia.com,Female,115.69.174.22
128,Traver,Carlile,tcarlile3j@geocities.jp,Male,16.250.176.202
129,Marylou,Manthroppe,mmanthroppe3k@princeton.edu,Female,13.225.170.240
130,Miltie,Linder,mlinder3l@addtoany.com,Male,190.3.98.41
131,Laurie,Moorfield,lmoorfield3m@ihg.com,Male,140.85.130.55
132,Jaime,Burcher,jburcher3n@barnesandnoble.com,Male,230.200.6.22
133,Sergent,Knightley,sknightley3o@eventbrite.com,Male,165.47.42.77
134,Elisabeth,Baggiani,ebaggiani3p@sun.com,Female,170.235.246.138
135,Ferris,Janout,fjanout3q@soup.io,Male,54.60.53.52
136,Elberta,Ledingham,eledingham3r@archive.org,Female,174.53.164.197
137,Owen,Brecken,obrecken3s@surveymonkey.com,Male,18.119.230.190
138,Ola,Wheble,owheble3t@google.nl,Female,43.222.153.243
139,Danny,Cometti,dcometti3u@ning.com,Male,124.69.150.214
140,Giselle,Karlqvist,gkarlqvist3v@seesaa.net,Female,117.103.163.84
141,Mahmoud,Dugget,mdugget3w@ebay.co.uk,Male,2.138.95.14
142,Brok,Kirkpatrick,bkirkpatrick3x@ycombinator.com,Male,63.175.224.231
143,Elise,Cashley,ecashley3y@biblegateway.com,Female,80.28.228.233
144,Marianna,Noton,mnoton3z@privacy.gov.au,Female,75.199.28.27
145,Benedetto,Stones,bstones40@rambler.ru,Male,7.124.3.109
146,Rosalie,Sacco,rsacco41@bbc.co.uk,Female,48.108.235.185
147,Pavia,Berney,pberney42@twitter.com,Genderfluid,181.111.132.174
148,Morey,Rowledge,mrowledge43@weather.com,Male,199.23.187.210
149,Ede,Vido,evido44@weebly.com,Female,83.112.67.66
150,Harris,Rosie,hrosie45@over-blog.com,Male,18.137.180.184
151,Bail,Buff,bbuff46@mayoclinic.com,Male,210.44.77.129
152,Ruthanne,Cathrae,rcathrae47@oracle.com,Female,205.142.38.161
153,Mendy,Troillet,mtroillet48@netscape.com,Male,141.9.201.66
154,Arleen,Heisham,aheisham49@github.com,Female,84.103.15.146
155,Elyn,Petrillo,epetrillo4a@godaddy.com,Female,88.64.201.108
156,Venita,Kneebone,vkneebone4b@123-reg.co.uk,Female,46.211.132.185
157,Allyce,Giacobazzi,agiacobazzi4c@umn.edu,Female,13.37.246.39
158,Jenna,Sprowell,jsprowell4d@delicious.com,Genderqueer,235.53.175.178
159,Tyler,McLukie,tmclukie4e@yellowpages.com,Male,44.69.103.35
160,Nancie,Adlard,nadlard4f@vistaprint.com,Female,157.87.6.66
161,Dulsea,Mcimmie,dmcimmie4g@narod.ru,Female,165.107.9.243
162,Dena,Newstead,dnewstead4h@patch.com,Female,217.186.216.54
163,Doloritas,Matches,dmatches4i@admin.ch,Female,195.131.26.89
164,Tarrance,Veel,tveel4j@microsoft.com,Male,31.241.245.1
165,Pernell,Suggett,psuggett4k@hao123.com,Male,2.128.116.140
166,Mikey,Edwinson,medwinson4l@un.org,Male,223.85.34.42
167,Carmella,Leveritt,cleveritt4m@aboutads.info,Female,185.194.49.31
168,Currey,Edgell,cedgell4n@issuu.com,Male,114.34.178.184
169,Arley,Sorton,asorton4o@indiegogo.com,Male,241.213.75.26
170,Bentley,Bondley,bbondley4p@domainmarket.com,Male,99.37.179.109
171,Daphene,Ayrton,dayrton4q@sitemeter.com,Agender,215.195.201.175
172,Cassey,Iley,ciley4r@who.int,Female,159.56.36.134
173,Tammara,Isaksson,tisaksson4s@ocn.ne.jp,Female,132.85.4.254
174,Jaye,Giottoi,jgiottoi4t@noaa.gov,Male,149.36.241.234
175,Pernell,Goane,pgoane4u@bandcamp.com,Male,55.157.206.230
176,Beverlie,Blewmen,bblewmen4v@mapy.cz,Female,10.168.100.196
177,Renaldo,Bellerby,rbellerby4w@latimes.com,Male,118.27.68.4
178,Frants,McTeer,fmcteer4x@discuz.net,Agender,136.58.178.25
179,D'arcy,McManamon,dmcmanamon4y@goo.gl,Male,23.152.250.172
180,Orelee,Bilfoot,obilfoot4z@nytimes.com,Female,171.186.36.96
181,Meryl,Spirritt,mspirritt50@eventbrite.com,Genderfluid,178.151.102.223
182,Kari,Lightoller,klightoller51@addthis.com,Female,225.77.150.248
183,Gwendolin,Gresley,ggresley52@list-manage.com,Female,123.216.121.10
184,Jessamyn,Aprahamian,japrahamian53@ning.com,Non-binary,67.216.109.148
185,Melinde,Meikle,mmeikle54@imageshack.us,Female,157.26.146.5
186,Katey,Ruddlesden,kruddlesden55@sina.com.cn,Female,182.41.176.141
187,Glynn,Udale,gudale56@acquirethisname.com,Male,195.186.231.64
188,Saxe,Trippick,strippick57@vimeo.com,Male,128.214.90.3
189,Janek,Vose,jvose58@unicef.org,Non-binary,154.113.73.181
190,Orin,Sharram,osharram59@123-reg.co.uk,Genderfluid,172.175.160.95
191,Clarke,Stother,cstother5a@loc.gov,Male,172.20.113.18
192,Julius,Vedenisov,jvedenisov5b@ed.gov,Male,218.177.225.124
193,Erek,Ferguson,eferguson5c@nifty.com,Male,237.251.157.65
194,Etti,Wolfarth,ewolfarth5d@abc.net.au,Female,206.49.53.230
195,Aretha,Frohock,afrohock5e@nydailynews.com,Female,234.42.222.237
196,Moreen,Maslen,mmaslen5f@state.tx.us,Female,187.142.178.82
197,Georges,Shardlow,gshardlow5g@homestead.com,Male,205.183.192.101
198,Sigfrid,Andersson,sandersson5h@squarespace.com,Male,156.235.64.186
199,Orsola,Dubery,odubery5i@irs.gov,Female,130.251.147.134
200,Karney,Shaxby,kshaxby5j@sciencedirect.com,Male,185.67.32.2
201,Pace,Desmond,pdesmond5k@yahoo.co.jp,Genderfluid,158.75.108.187
202,Bellina,O'Fihillie,bofihillie5l@rakuten.co.jp,Female,57.171.254.255
203,Brew,Deaville,bdeaville5m@paypal.com,Male,201.195.153.138
204,Nan,De Lorenzo,ndelorenzo5n@indiegogo.com,Female,123.187.68.213
205,Kellby,Barlass,kbarlass5o@histats.com,Male,30.153.175.207
206,Deeanne,De Ferraris,ddeferraris5p@webs.com,Female,227.223.30.106
207,Cornie,Deniset,cdeniset5q@dropbox.com,Female,250.153.198.85
208,Giacobo,Paulino,gpaulino5r@house.gov,Male,135.32.52.253
209,Baudoin,Mansion,bmansion5s@naver.com,Male,16.2.210.136
210,Cathyleen,Kubacek,ckubacek5t@samsung.com,Female,43.136.48.53
211,Addi,Hawking,ahawking5u@blog.com,Polygender,91.124.240.185
212,Lesya,Avraam,lavraam5v@bravesites.com,Female,91.198.226.190
213,Blake,Orridge,borridge5w@sogou.com,Female,11.67.96.251
214,Caterina,Shervil,cshervil5x@altervista.org,Female,203.222.193.71
215,Gunther,Cunradi,gcunradi5y@guardian.co.uk,Male,131.70.205.44
216,Tony,Cutsforth,tcutsforth5z@clickbank.net,Female,168.234.125.106
217,Renata,Dachs,rdachs60@census.gov,Bigender,63.144.99.17
218,Tasha,Rylett,trylett61@sfgate.com,Female,14.215.12.233
219,Colby,Benzie,cbenzie62@so-net.ne.jp,Male,56.251.214.6
220,Biddie,Kinsey,bkinsey63@phpbb.com,Female,108.24.153.24
221,Von,Sherringham,vsherringham64@whitehouse.gov,Male,211.208.165.228
222,Avram,Slamaker,aslamaker65@moonfruit.com,Male,199.239.132.183
223,Berty,Lafranconi,blafranconi66@umich.edu,Male,11.188.126.247
224,Faber,Pattison,fpattison67@cmu.edu,Male,36.173.20.66
225,Gerrie,Cockings,gcockings68@yahoo.co.jp,Male,249.16.110.252
226,Gussie,Cuningham,gcuningham69@pen.io,Female,93.77.9.224
227,Frances,Mosey,fmosey6a@narod.ru,Female,9.127.10.79
228,Phillip,Duplock,pduplock6b@umn.edu,Male,189.73.180.211
229,Olenka,Josefowicz,ojosefowicz6c@redcross.org,Female,90.132.214.230
230,Barbee,Friedman,bfriedman6d@is.gd,Female,211.24.178.216
231,Patrick,Mertel,pmertel6e@wikipedia.org,Male,105.118.141.165
232,Delphinia,Gluyus,dgluyus6f@who.int,Female,184.92.39.157
233,Auroora,Schachter,aschachter6g@answers.com,Female,222.210.54.47
234,Shelly,Dulany,sdulany6h@artisteer.com,Female,32.85.165.168
235,Victoir,Bridgett,vbridgett6i@dell.com,Male,9.218.122.65
236,Gerry,Rosensaft,grosensaft6j@reference.com,Female,139.238.44.43
237,Dulcine,Penketh,dpenketh6k@paginegialle.it,Female,51.169.21.133
238,Eduardo,McKevitt,emckevitt6l@springer.com,Male,174.6.15.105
239,Etty,Roderick,eroderick6m@paypal.com,Female,56.209.53.56
240,Nichols,Roose,nroose6n@nbcnews.com,Non-binary,200.215.152.83
241,Letty,Hardy-Piggin,lhardypiggin6o@howstuffworks.com,Female,71.197.163.57
242,Lewiss,Egell,legell6p@reuters.com,Male,172.73.103.67
243,Almeta,Parrett,aparrett6q@jugem.jp,Polygender,220.137.99.99
244,Sallee,Redferne,sredferne6r@columbia.edu,Female,47.108.190.74
245,Raimund,Silk,rsilk6s@state.gov,Male,15.212.141.225
246,Debee,Treace,dtreace6t@timesonline.co.uk,Female,31.238.163.120
247,Doug,Sibbe,dsibbe6u@vistaprint.com,Male,151.184.203.89
248,Wyn,Iacovone,wiacovone6v@shutterfly.com,Male,251.18.5.111
249,Papagena,Capitano,pcapitano6w@icio.us,Female,114.2.64.221
250,Hedi,Timmens,htimmens6x@google.es,Female,153.4.243.171
251,Esta,Maven,emaven6y@google.co.jp,Female,201.207.9.110
252,Stefania,Treamayne,streamayne6z@webeden.co.uk,Female,126.79.96.81
253,Quillan,Powder,qpowder70@blogger.com,Genderqueer,158.16.39.42
254,Ely,Digance,edigance71@cnet.com,Male,129.16.203.77
255,Odette,Vannacci,ovannacci72@jimdo.com,Female,81.253.231.219
256,Hildegaard,Mattielli,hmattielli73@wikimedia.org,Female,230.207.118.93
257,Stafford,Hammer,shammer74@google.ca,Male,87.100.7.179
258,Danna,Pendlebury,dpendlebury75@comcast.net,Female,82.144.33.48
259,Ev,Leverington,eleverington76@amazon.com,Male,156.194.180.162
260,Georg,Bodemeaid,gbodemeaid77@facebook.com,Male,25.138.130.250
261,Amber,Strutton,astrutton78@harvard.edu,Non-binary,140.135.68.196
262,Richmound,Sorel,rsorel79@smh.com.au,Male,169.55.26.11
263,Aurthur,Benoy,abenoy7a@uiuc.edu,Male,246.90.84.166
264,Katerina,Culleton,kculleton7b@who.int,Female,139.129.36.40
265,Hamnet,Rosenblath,hrosenblath7c@yellowbook.com,Male,93.23.188.28
266,Leeann,Levitt,llevitt7d@answers.com,Female,197.41.96.105
267,Garv,Fryman,gfryman7e@163.com,Male,123.80.15.93
268,Tan,Link,tlink7f@w3.org,Male,183.2.255.82
269,Boothe,Fray,bfray7g@gov.uk,Male,27.175.197.52
270,Hammad,Hane,hhane7h@blogspot.com,Male,211.206.120.84
271,Damien,Guyonnet,dguyonnet7i@ebay.com,Male,81.65.52.241
272,Ira,Goss,igoss7j@weibo.com,Male,80.3.42.219
273,Vivianna,McElmurray,vmcelmurray7k@oakley.com,Female,2.187.56.107
274,Kurt,Brockwell,kbrockwell7l@va.gov,Agender,235.139.91.189
275,Ailey,Flook,aflook7m@ca.gov,Female,158.174.168.219
276,Clari,McDougal,cmcdougal7n@nifty.com,Female,150.95.109.150
277,Kennedy,Swenson,kswenson7o@princeton.edu,Male,40.161.191.9
278,Cybil,Brafield,cbrafield7p@w3.org,Female,229.113.150.39
279,Zane,Alvarez,zalvarez7q@springer.com,Male,174.238.28.51
280,Marie-jeanne,Kleehuhler,mkleehuhler7r@columbia.edu,Female,81.22.159.239
281,Pippa,Syder,psyder7s@csmonitor.com,Female,232.66.79.39
282,Veriee,Eede,veede7t@xing.com,Female,185.196.86.164
283,Toby,Westmerland,twestmerland7u@businessweek.com,Non-binary,14.41.238.35
284,Carine,Espinheira,cespinheira7v@booking.com,Female,197.242.229.174
285,Alisun,Roycroft,aroycroft7w@tiny.cc,Female,15.186.49.5
286,Luis,Breeder,lbreeder7x@g.co,Genderqueer,64.194.149.145
287,Stefanie,Kelberer,skelberer7y@about.me,Female,198.20.1.185
288,Lilia,Filchakov,lfilchakov7z@shareasale.com,Female,191.241.72.155
289,Julian,Chessill,jchessill80@patch.com,Male,20.149.7.203
290,Rafi,Guisby,rguisby81@google.cn,Male,216.12.202.169
291,Sutton,Wenman,swenman82@squarespace.com,Male,200.156.116.77
292,Shelby,Capenor,scapenor83@bravesites.com,Female,143.123.218.21
293,Giuditta,Quin,gquin84@tumblr.com,Female,44.139.243.45
294,Tiphanie,McSorley,tmcsorley85@ucoz.ru,Female,239.248.163.106
295,Heywood,Wicklin,hwicklin86@webs.com,Male,191.159.164.164
296,Chiarra,Pinhorn,cpinhorn87@topsy.com,Female,126.116.107.96
297,Mariele,Carek,mcarek88@wikispaces.com,Female,47.184.131.120
298,Pall,Bertelet,pbertelet89@businessinsider.com,Male,37.40.149.145
299,Kristel,Suggitt,ksuggitt8a@cisco.com,Female,149.112.32.216
300,Dolly,Tows,dtows8b@amazonaws.com,Female,225.207.23.4
301,Ulrica,Oliffe,uoliffe8c@cam.ac.uk,Female,254.186.21.224
302,Kelwin,Feaviour,kfeaviour8d@va.gov,Male,12.83.69.119
303,Bradney,Joyce,bjoyce8e@nyu.edu,Male,188.207.189.98
304,Joannes,O'Grogane,jogrogane8f@mayoclinic.com,Female,35.228.101.224
305,Giordano,Scough,gscough8g@netvibes.com,Male,199.118.62.31
306,Ewell,Hutchings,ehutchings8h@dailymotion.com,Male,6.151.76.57
307,Yves,Blow,yblow8i@baidu.com,Male,41.116.37.190
308,Malchy,Drayton,mdrayton8j@wufoo.com,Male,248.129.183.72
309,Laurie,Gyse,lgyse8k@gov.uk,Male,6.3.125.17
310,Falkner,Gumm,fgumm8l@smh.com.au,Male,7.96.7.221
311,Howie,Bagwell,hbagwell8m@chronoengine.com,Male,8.12.250.147
312,Nancey,Aizlewood,naizlewood8n@amazon.co.jp,Female,97.65.56.123
313,Marjy,Oxlade,moxlade8o@webmd.com,Female,104.220.26.200
314,Marcile,Dallosso,mdallosso8p@prnewswire.com,Female,188.221.84.117
315,Jacklyn,Wolton,jwolton8q@reverbnation.com,Female,67.197.182.26
316,Michal,Bleier,mbleier8r@webeden.co.uk,Female,67.253.244.219
317,Gwenneth,Seals,gseals8s@addthis.com,Female,77.184.28.135
318,Melly,Vasnetsov,mvasnetsov8t@histats.com,Female,21.108.126.211
319,Berkeley,Luna,bluna8u@harvard.edu,Male,54.161.121.55
320,Wendie,Tapsell,wtapsell8v@sogou.com,Female,156.17.149.227
321,Gabbie,Shufflebotham,gshufflebotham8w@cnbc.com,Female,65.214.64.88
322,Eal,Stegell,estegell8x@virginia.edu,Genderqueer,172.32.36.88
323,Dreddy,Mayne,dmayne8y@google.es,Female,73.18.51.78
324,Wilma,Zelland,wzelland8z@cmu.edu,Genderfluid,227.64.80.207
325,Brian,Kirkup,bkirkup90@reuters.com,Male,173.9.98.44
326,Kamillah,Fores,kfores91@cnbc.com,Agender,184.100.255.231
327,Dorey,Muino,dmuino92@umn.edu,Male,216.135.229.184
328,Wileen,Simione,wsimione93@businesswire.com,Female,1.116.223.48
329,Nertie,Parramore,nparramore94@phpbb.com,Female,32.179.60.191
330,Nettle,Ravenscraft,nravenscraft95@histats.com,Female,3.49.30.16
331,Melania,Campany,mcampany96@google.it,Female,22.100.39.119
332,Bernie,Knottley,bknottley97@wufoo.com,Male,107.15.251.127
333,Elliot,Jerrams,ejerrams98@wisc.edu,Male,70.209.65.218
334,Ignacius,Habbershon,ihabbershon99@washingtonpost.com,Male,223.75.82.73
335,Rickard,Meatyard,rmeatyard9a@elpais.com,Male,226.87.171.168
336,Aleksandr,Shackle,ashackle9b@t-online.de,Male,219.106.103.144
337,Derwin,Meriguet,dmeriguet9c@slate.com,Male,153.133.230.131
338,Ignazio,Leas,ileas9d@seesaa.net,Male,246.37.193.125
339,Blayne,Cudby,bcudby9e@free.fr,Male,155.27.187.151
340,Kalle,McGunley,kmcgunley9f@google.cn,Male,171.224.196.42
341,Gabrila,Mulder,gmulder9g@godaddy.com,Female,38.71.45.37
342,Vance,Davidoff,vdavidoff9h@ucoz.com,Male,7.159.30.226
343,Enrichetta,Goulborne,egoulborne9i@lulu.com,Female,169.17.92.50
344,Edik,Pabel,epabel9j@drupal.org,Male,234.70.23.253
345,Brigid,Hedingham,bhedingham9k@studiopress.com,Polygender,239.172.172.68
346,Ernest,Slowan,eslowan9l@unesco.org,Male,36.201.246.254
347,Immanuel,Dightham,idightham9m@geocities.com,Male,229.104.194.3
348,Amalie,Bomb,abomb9n@arstechnica.com,Female,40.74.145.200
349,Catherine,Cloake,ccloake9o@netvibes.com,Female,174.44.185.97
350,Lucille,Deaves,ldeaves9p@nature.com,Female,247.153.217.80
351,Raquela,Adiscot,radiscot9q@google.fr,Female,221.159.156.85
352,Tammy,Miell,tmiell9r@unicef.org,Male,65.246.27.16
353,Vladimir,Towe,vtowe9s@squidoo.com,Male,50.178.32.114
354,Adolph,Cartmel,acartmel9t@admin.ch,Male,52.199.244.149
355,Cherri,Likly,clikly9u@printfriendly.com,Female,215.78.174.124
356,Napoleon,Macguire,nmacguire9v@woothemes.com,Male,208.236.44.121
357,Byrle,McPherson,bmcpherson9w@ucoz.com,Male,250.134.46.56
358,Sibby,Capeling,scapeling9x@un.org,Female,129.203.206.153
359,Obed,Barraclough,obarraclough9y@nymag.com,Male,58.71.74.74
360,Barb,Garbert,bgarbert9z@nps.gov,Female,20.178.15.28
361,Logan,Letrange,lletrangea0@addthis.com,Male,107.105.156.34
362,Clevie,Paulou,cpauloua1@sbwire.com,Male,139.117.187.132
363,Caye,Fossick,cfossicka2@mayoclinic.com,Genderqueer,119.38.163.36
364,Pearle,Mitkov,pmitkova3@cloudflare.com,Female,83.6.130.28
365,Sibby,Burnall,sburnalla4@java.com,Polygender,115.24.229.39
366,Moses,Leale,mlealea5@tripod.com,Male,45.103.51.125
367,Ellis,Martinot,emartinota6@usda.gov,Male,252.43.116.15
368,Thomasina,Hubatsch,thubatscha7@webs.com,Bigender,244.6.190.174
369,Robert,Batchley,rbatchleya8@adobe.com,Male,115.56.11.14
370,Bethina,Wilkes,bwilkesa9@amazon.co.uk,Female,190.175.100.141
371,Lorenza,Feehily,lfeehilyaa@jimdo.com,Female,202.195.41.88
372,Denis,Fluger,dflugerab@reddit.com,Male,93.111.78.233
373,Moise,Brunini,mbruniniac@icq.com,Male,186.103.228.24
374,Kareem,Comford,kcomfordad@t-online.de,Male,116.35.19.47
375,Kelly,Reynold,kreynoldae@com.com,Female,38.86.98.76
376,Ky,Logie,klogieaf@pcworld.com,Male,65.191.180.122
377,Rhianna,Issakov,rissakovag@bizjournals.com,Female,126.8.129.167
378,Ailene,Nussen,anussenah@ebay.co.uk,Female,148.49.70.55
379,Robbert,Flannigan,rflanniganai@apple.com,Male,83.127.200.46
380,Tessie,Dewis,tdewisaj@cnn.com,Female,28.68.216.19
381,Irwinn,Couthard,icouthardak@mozilla.org,Male,47.151.206.10
382,Nickolai,Yacobsohn,nyacobsohnal@princeton.edu,Male,120.110.193.66
383,Wash,Whistance,wwhistanceam@cnn.com,Male,196.196.109.77
384,Kennie,Pawlaczyk,kpawlaczykan@bigcartel.com,Bigender,97.207.87.100
385,Moshe,Garmey,mgarmeyao@godaddy.com,Male,108.187.240.57
386,Saudra,Pallas,spallasap@geocities.com,Female,209.197.206.21
387,Zora,Linfield,zlinfieldaq@comcast.net,Female,195.124.240.87
388,Jacky,Fernehough,jfernehoughar@amazon.com,Female,73.60.158.190
389,Corena,Arthan,carthanas@smugmug.com,Female,122.44.31.59
390,Alfie,Tobias,atobiasat@salon.com,Male,205.140.98.50
391,Lombard,Grantham,lgranthamau@networkadvertising.org,Polygender,116.138.35.205
392,Vladimir,Walkingshaw,vwalkingshawav@tmall.com,Male,159.145.51.243
393,Newton,Cowser,ncowseraw@vistaprint.com,Male,222.124.139.160
394,Saundra,Heinreich,sheinreichax@typepad.com,Male,53.37.74.73
395,Trudie,Jeffcock,tjeffcockay@wikia.com,Female,226.66.178.130
396,Cesaro,Cribbott,ccribbottaz@blinklist.com,Agender,210.71.180.154
397,Vaclav,Joseph,vjosephb0@aboutads.info,Male,63.146.100.168
398,Corey,Ragless,craglessb1@biglobe.ne.jp,Male,49.20.132.22
399,Sibyl,Measor,smeasorb2@ucoz.ru,Female,66.150.158.110
400,Arron,Cohr,acohrb3@nhs.uk,Male,6.200.212.25
401,Guglielma,Geard,ggeardb4@webs.com,Polygender,8.191.91.151
402,Vittorio,Rustedge,vrustedgeb5@netlog.com,Male,84.28.107.10
403,Eberhard,Coules,ecoulesb6@nature.com,Male,147.147.222.248
404,Kim,Skaife d'Ingerthorpe,kskaifedingerthorpeb7@nature.com,Male,225.142.179.58
405,Paddie,Tubby,ptubbyb8@china.com.cn,Male,36.65.251.217
406,Son,Vasyukhin,svasyukhinb9@google.cn,Male,234.181.211.240
407,Kailey,Reisin,kreisinba@qq.com,Female,182.122.208.91
408,Amelina,Clucas,aclucasbb@ox.ac.uk,Female,71.22.170.116
409,Bonnee,Hamelyn,bhamelynbc@dedecms.com,Female,54.222.115.198
410,Brittany,Foulkes,bfoulkesbd@home.pl,Female,250.153.173.21
411,Wald,Jerman,wjermanbe@ezinearticles.com,Agender,112.80.47.66
412,Ella,Egalton,eegaltonbf@trellian.com,Female,81.151.246.89
413,Carry,Smallsman,csmallsmanbg@nature.com,Agender,225.178.28.73
414,Moshe,Dumphries,mdumphriesbh@google.co.uk,Male,201.15.197.30
415,Hammad,Ghiroldi,hghiroldibi@abc.net.au,Male,194.100.181.241
416,Elli,Goffe,egoffebj@jigsy.com,Female,58.231.167.172
417,Vernen,Jacquest,vjacquestbk@patch.com,Male,24.149.12.193
418,Justinn,Lochet,jlochetbl@huffingtonpost.com,Female,52.53.232.222
419,Abbie,Windrus,awindrusbm@vkontakte.ru,Female,70.93.39.108
420,Marylin,Sawforde,msawfordebn@hubpages.com,Female,46.123.239.1
421,Wyndham,Faccini,wfaccinibo@ox.ac.uk,Male,66.244.116.171
422,Esta,Grinval,egrinvalbp@constantcontact.com,Female,168.243.10.27
423,Lin,Aviss,lavissbq@github.com,Male,247.223.92.8
424,Brittan,Padley,bpadleybr@nymag.com,Female,62.69.211.126
425,Margeaux,Sebyer,msebyerbs@cisco.com,Female,77.62.212.163
426,Brina,Mannin,bmanninbt@goodreads.com,Female,213.197.27.89
427,Audrie,Lytlle,alytllebu@last.fm,Female,79.194.61.112
428,Amii,Chadburn,achadburnbv@artisteer.com,Female,254.55.129.147
429,Natasha,Winsbury,nwinsburybw@vimeo.com,Genderqueer,110.165.129.192
430,Sarene,Chue,schuebx@ning.com,Female,103.11.178.131
431,Hedy,Lantaff,hlantaffby@earthlink.net,Female,70.160.128.56
432,Gelya,Knee,gkneebz@google.ru,Female,218.225.6.255
433,Maryrose,Clinnick,mclinnickc0@tripadvisor.com,Female,188.60.32.253
434,Jeri,Kalf,jkalfc1@sciencedaily.com,Female,135.80.68.133
435,Gal,Mandrier,gmandrierc2@sina.com.cn,Bigender,24.155.69.241
436,Miquela,Leggat,mleggatc3@vimeo.com,Female,220.247.39.239
437,Ogden,Jacquemet,ojacquemetc4@cnbc.com,Male,138.157.69.213
438,Sibilla,Leyre,sleyrec5@webnode.com,Female,72.35.84.17
439,Nestor,Carloni,ncarlonic6@nsw.gov.au,Male,249.194.67.130
440,Othella,Danilchev,odanilchevc7@twitter.com,Female,128.172.126.38
441,Dallas,Jeans,djeansc8@mit.edu,Female,151.100.120.147
442,Collete,Shale,cshalec9@vk.com,Female,213.132.102.241
443,Audi,Webb-Bowen,awebbbowenca@twitpic.com,Agender,79.145.107.137
444,Phil,Leddy,pleddycb@china.com.cn,Genderqueer,252.79.20.31
445,Lindsey,Redmayne,lredmaynecc@imgur.com,Male,102.195.50.222
446,Catlaina,Keelin,ckeelincd@bloomberg.com,Female,205.188.159.123
447,Tori,Gomez,tgomezce@ihg.com,Female,47.154.146.235
448,Jesselyn,Boatwright,jboatwrightcf@jimdo.com,Female,17.204.34.240
449,Horst,Pitchford,hpitchfordcg@mapy.cz,Male,159.206.238.179
450,Kerk,Itzcovichch,kitzcovichchch@cafepress.com,Male,189.152.186.56
451,Arch,Giannasi,agiannasici@wix.com,Male,216.135.4.68
452,Clarke,Gibbings,cgibbingscj@hibu.com,Male,215.211.95.96
453,Herb,Filipovic,hfilipovicck@cdc.gov,Male,61.89.214.232
454,Pincas,Fancutt,pfancuttcl@washington.edu,Male,249.113.62.4
455,Gilberto,Isaak,gisaakcm@loc.gov,Agender,227.154.157.83
456,Priscilla,McErlaine,pmcerlainecn@tinypic.com,Female,162.62.143.47
457,Web,Backen,wbackenco@unc.edu,Male,191.42.108.204
458,Wittie,Haslegrave,whaslegravecp@google.com,Male,53.171.79.201
459,Louie,Dewar,ldewarcq@discuz.net,Male,129.5.222.234
460,Hurleigh,Lidington,hlidingtoncr@homestead.com,Male,216.212.83.222
461,Jacinthe,Glanton,jglantoncs@google.com.hk,Female,122.168.18.89
462,Demeter,Harmer,dharmerct@wikia.com,Female,223.190.49.144
463,Manya,Revill,mrevillcu@cbslocal.com,Female,242.130.138.214
464,Lesley,Hardy-Piggin,lhardypiggincv@zdnet.com,Male,70.15.22.41
465,Lockwood,Tollow,ltollowcw@theglobeandmail.com,Male,248.241.21.147
466,Trace,Orbine,torbinecx@diigo.com,Male,96.241.153.28
467,Sharon,Grouen,sgrouency@addthis.com,Female,11.204.108.196
468,Desiri,Ovid,dovidcz@columbia.edu,Female,141.32.24.97
469,Nickolai,Ambrozewicz,nambrozewiczd0@friendfeed.com,Male,117.87.155.194
470,Abbi,Ferraraccio,aferraracciod1@ifeng.com,Female,180.252.216.143
471,Sacha,Ferenczi,sferenczid2@hhs.gov,Female,150.128.202.190
472,Ofilia,Taffrey,otaffreyd3@bloglovin.com,Female,204.121.69.71
473,Sim,Collymore,scollymored4@cocolog-nifty.com,Male,123.229.52.40
474,Sib,Kobiela,skobielad5@washingtonpost.com,Polygender,186.230.163.192
475,Colly,Reinbech,creinbechd6@usa.gov,Female,57.107.141.190
476,Happy,Blakes,hblakesd7@g.co,Female,242.195.126.92
477,Roselle,Foggarty,rfoggartyd8@mail.ru,Female,90.182.143.23
478,Isidro,Tapply,itapplyd9@hao123.com,Male,92.12.237.130
479,Elfrida,Greenhead,egreenheadda@cisco.com,Female,210.234.115.30
480,Anna,Tezure,atezuredb@devhub.com,Female,66.192.211.111
481,Lu,Padbury,lpadburydc@ucsd.edu,Female,166.52.4.233
482,Liva,McWhorter,lmcwhorterdd@pcworld.com,Female,54.240.191.7
483,Forester,Hesser,fhesserde@tmall.com,Male,161.127.103.167
484,Jacquelynn,Feyer,jfeyerdf@forbes.com,Female,69.68.208.242
485,Karel,Heelis,kheelisdg@ehow.com,Female,238.53.149.232
486,Lexis,Salasar,lsalasardh@dedecms.com,Female,122.94.148.254
487,Gauthier,Straneo,gstraneodi@chronoengine.com,Male,179.241.69.168
488,Lazare,Cromley,lcromleydj@bloglovin.com,Male,242.251.234.26
489,Domenic,Blincow,dblincowdk@so-net.ne.jp,Male,115.232.196.35
490,Patrizius,Spreag,pspreagdl@state.gov,Genderqueer,193.223.177.2
491,Suzette,McCorkell,smccorkelldm@geocities.jp,Genderqueer,152.0.192.63
492,Patty,Curm,pcurmdn@patch.com,Female,135.149.59.164
493,Ashlee,Greensted,agreensteddo@t.co,Female,214.19.117.74
494,Berny,Heckney,bheckneydp@gravatar.com,Female,173.221.59.173
495,Dorri,Aveling,davelingdq@biblegateway.com,Female,60.48.237.235
496,Violetta,McKeighen,vmckeighendr@nymag.com,Female,57.9.15.70
497,Cynthia,Yarrall,cyarrallds@intel.com,Female,20.195.4.133
498,Winnifred,Swyne,wswynedt@technorati.com,Female,114.81.105.210
499,Holmes,Algeo,halgeodu@gmpg.org,Non-binary,185.122.19.227
500,Clerkclaude,Gerrey,cgerreydv@themeforest.net,Genderfluid,104.153.97.233
501,Archie,Teal,atealdw@columbia.edu,Male,116.222.183.74
502,Chelsea,Blincowe,cblincowedx@domainmarket.com,Bigender,50.66.169.71
503,Keefe,Hattoe,khattoedy@addtoany.com,Male,237.22.166.82
504,Bruno,Oliphand,boliphanddz@fema.gov,Male,254.231.255.237
505,Carce,Barr,cbarre0@dailymail.co.uk,Male,249.162.3.13
506,Aguste,Galliver,agallivere1@csmonitor.com,Male,176.240.250.175
507,Vally,Ferrara,vferrarae2@bravesites.com,Female,22.31.175.92
508,Bernardo,Allsebrook,ballsebrooke3@angelfire.com,Male,122.120.58.116
509,Michaella,Nickerson,mnickersone4@hp.com,Female,43.80.99.26
510,Aaron,McAnulty,amcanultye5@nymag.com,Male,94.174.43.131
511,Filippo,Calrow,fcalrowe6@live.com,Male,5.150.236.4
512,Yurik,Ovenell,yovenelle7@diigo.com,Agender,217.103.215.23
513,Kass,A'Barrow,kabarrowe8@feedburner.com,Female,144.85.107.59
514,Merissa,Girdler,mgirdlere9@dot.gov,Female,44.85.31.132
515,Timotheus,Doram,tdoramea@freewebs.com,Male,90.188.31.162
516,Valencia,Arnout,varnouteb@geocities.jp,Female,221.151.114.90
517,Seka,Carman,scarmanec@bloomberg.com,Female,145.60.61.185
518,Esmeralda,Neward,enewarded@weebly.com,Female,227.192.89.187
519,Florence,Measor,fmeasoree@senate.gov,Female,126.126.108.242
520,Darcey,Scutchin,dscutchinef@amazon.de,Female,94.51.200.24
521,Georgie,Buffey,gbuffeyeg@businessweek.com,Male,232.226.139.153
522,Lissa,Curteis,lcurteiseh@drupal.org,Female,49.163.113.203
523,Tiffanie,Thistleton,tthistletonei@topsy.com,Genderqueer,195.185.28.149
524,Travers,Sproat,tsproatej@house.gov,Male,118.239.45.49
525,Delphine,Kinghorn,dkinghornek@un.org,Female,31.77.62.14
526,Hinda,Dalziel,hdalzielel@apple.com,Female,126.29.148.246
527,Pattie,Elldred,pelldredem@fastcompany.com,Female,85.195.48.140
528,Justinian,Siret,jsireten@twitpic.com,Male,68.102.13.73
529,Hernando,Minchinton,hminchintoneo@myspace.com,Male,139.232.195.100
530,Claire,O'Sharkey,cosharkeyep@hc360.com,Female,8.54.80.34
531,Leeann,Carlozzi,lcarlozzieq@angelfire.com,Female,193.169.63.103
532,Griffin,Kegg,gkegger@xinhuanet.com,Male,253.255.247.253
533,Wenona,Brayley,wbrayleyes@phpbb.com,Female,128.3.17.20
534,Kennedy,Kinze,kkinzeet@nps.gov,Male,200.219.120.69
535,Eddy,Normandale,enormandaleeu@altervista.org,Female,107.149.79.129
536,Bridie,Phython,bphythonev@businessweek.com,Female,35.18.186.188
537,Roman,Fireman,rfiremanew@ustream.tv,Male,23.86.154.27
538,Ada,Alekseev,aalekseevex@ifeng.com,Female,169.61.237.167
539,Jon,Ladewig,jladewigey@soundcloud.com,Male,148.213.224.219
540,Norbert,Alecock,nalecockez@geocities.com,Male,252.180.186.247
541,Zea,Carty,zcartyf0@g.co,Female,149.171.122.1
542,Caria,Towey,ctoweyf1@cmu.edu,Female,66.203.207.243
543,Chandler,Grene,cgrenef2@timesonline.co.uk,Genderfluid,242.79.25.176
544,Jennifer,De Bernardis,jdebernardisf3@storify.com,Female,5.24.88.74
545,Elnora,Felipe,efelipef4@wunderground.com,Female,171.31.187.208
546,Bill,Kloster,bklosterf5@storify.com,Female,127.251.233.199
547,Sigmund,Idel,sidelf6@aboutads.info,Male,31.28.120.209
548,Tobe,Beeton,tbeetonf7@oakley.com,Female,42.27.142.194
549,Steffen,Lindenbaum,slindenbaumf8@google.ru,Male,35.177.194.121
550,Erinn,Chapelle,echapellef9@edublogs.org,Female,233.126.200.245
551,Madelon,Sherwill,msherwillfa@unc.edu,Female,75.151.51.139
552,Stephine,Stetson,sstetsonfb@hibu.com,Female,69.99.103.179
553,Alon,Droogan,adrooganfc@java.com,Polygender,135.55.158.94
554,Gherardo,Rowsel,growselfd@qq.com,Male,30.112.185.152
555,Meyer,Essame,messamefe@free.fr,Male,233.154.247.81
556,Abe,Guyton,aguytonff@gnu.org,Male,36.247.231.21
557,Hillel,Severwright,hseverwrightfg@google.com,Male,154.60.251.104
558,Candi,Giampietro,cgiampietrofh@goo.ne.jp,Female,134.234.2.213
559,Bone,Eakin,beakinfi@topsy.com,Male,183.203.186.198
560,Pren,Marian,pmarianfj@lulu.com,Male,82.221.85.86
561,Tamma,Snoxill,tsnoxillfk@tamu.edu,Female,240.18.22.201
562,Tandy,Egdal,tegdalfl@gizmodo.com,Female,48.243.44.215
563,Floria,Ruppeli,fruppelifm@newyorker.com,Female,32.75.91.83
564,Gilburt,Stoate,gstoatefn@princeton.edu,Male,112.149.37.255
565,Alane,Cottingham,acottinghamfo@surveymonkey.com,Female,157.166.186.16
566,Pooh,O'Heyne,poheynefp@sciencedirect.com,Male,218.213.64.123
567,Tisha,Dennitts,tdennittsfq@domainmarket.com,Female,212.67.15.66
568,Barnett,Pennell,bpennellfr@people.com.cn,Male,155.225.84.107
569,Berget,Foulcher,bfoulcherfs@dropbox.com,Female,227.66.36.156
570,Imojean,Ossenna,iossennaft@engadget.com,Female,24.220.152.243
571,Harcourt,Merkle,hmerklefu@parallels.com,Male,105.89.95.74
572,Christos,Idel,cidelfv@nbcnews.com,Male,9.240.87.47
573,Shannon,Rochester,srochesterfw@earthlink.net,Male,104.29.165.149
574,Livvie,Corke,lcorkefx@theatlantic.com,Female,38.191.13.50
575,Avigdor,Josefsohn,ajosefsohnfy@networkadvertising.org,Agender,43.207.1.100
576,Mohandas,Dockrill,mdockrillfz@xinhuanet.com,Male,153.193.13.79
577,Harrie,Melan,hmelang0@google.ca,Bigender,226.9.174.186
578,Gael,Tabner,gtabnerg1@yandex.ru,Male,26.95.179.179
579,Gabriella,Milburne,gmilburneg2@phoca.cz,Female,105.218.81.72
580,Rebekkah,Botly,rbotlyg3@ameblo.jp,Female,43.238.234.101
581,Lutero,Cadney,lcadneyg4@ifeng.com,Non-binary,47.195.68.117
582,Krisha,Gallaccio,kgallacciog5@google.co.uk,Male,194.144.142.94
583,Windy,Threadgill,wthreadgillg6@exblog.jp,Female,150.57.29.41
584,Leroy,Sheryne,lsheryneg7@nature.com,Male,86.68.121.168
585,Patience,Wolstencroft,pwolstencroftg8@deviantart.com,Female,182.155.6.66
586,Trix,Saylor,tsaylorg9@wsj.com,Female,180.89.180.185
587,Andrej,Cheal,achealga@dailymotion.com,Male,193.175.25.23
588,Arabele,Kilborn,akilborngb@sogou.com,Female,87.140.193.20
589,Janeta,Sculpher,jsculphergc@angelfire.com,Female,202.31.12.35
590,Rivy,Plumb,rplumbgd@msu.edu,Female,137.54.186.47
591,Jessey,Piotrowski,jpiotrowskige@jiathis.com,Male,152.246.34.193
592,Biddy,McDermott-Row,bmcdermottrowgf@chron.com,Female,60.68.5.216
593,Stefan,Verlinden,sverlindengg@clickbank.net,Male,125.66.209.18
594,Staffard,Biasetti,sbiasettigh@pen.io,Male,92.60.171.222
595,Alison,Siviour,asiviourgi@tinypic.com,Female,184.195.110.187
596,Kerianne,Nowell,knowellgj@php.net,Female,51.45.87.26
597,Rica,Menlow,rmenlowgk@spotify.com,Female,107.138.131.123
598,Donnamarie,Langfield,dlangfieldgl@ca.gov,Female,42.83.253.196
599,Abran,Remnant,aremnantgm@narod.ru,Male,129.47.1.81
600,Collie,Casotti,ccasottign@barnesandnoble.com,Female,207.12.164.128
601,Brear,Juorio,bjuoriogo@marriott.com,Female,147.166.104.177
602,Catlin,Youll,cyoullgp@senate.gov,Female,24.250.144.126
603,Clarette,Symons,csymonsgq@theglobeandmail.com,Female,43.64.65.182
604,Camille,Kmieciak,ckmieciakgr@ucoz.ru,Female,96.101.230.3
605,Armando,Beedom,abeedomgs@ow.ly,Male,118.129.253.110
606,Bobine,Botha,bbothagt@so-net.ne.jp,Female,206.51.125.251
607,Levi,Jugging,ljugginggu@dmoz.org,Male,86.175.197.26
608,Ed,Adamsky,eadamskygv@statcounter.com,Male,251.249.132.144
609,Betti,Grieg,bgrieggw@kickstarter.com,Female,55.109.240.171
610,Jaynell,Huccaby,jhuccabygx@163.com,Genderfluid,183.5.20.239
611,Archibold,Keford,akefordgy@goodreads.com,Male,190.149.234.30
612,Yorke,Whisson,ywhissongz@theatlantic.com,Male,165.229.24.47
613,Nicoli,Stevenson,nstevensonh0@google.com.au,Female,61.236.13.162
614,Jon,Tierney,jtierneyh1@bloglines.com,Male,40.120.200.245
615,Sidney,Straffon,sstraffonh2@google.co.jp,Male,200.13.67.7
616,Florenza,Erdely,ferdelyh3@globo.com,Female,152.143.78.75
617,Lindsey,Cruddas,lcruddash4@photobucket.com,Female,209.158.59.149
618,Stevana,Lovelady,sloveladyh5@tinyurl.com,Female,31.64.197.130
619,Devy,Sallans,dsallansh6@google.com,Agender,100.210.46.49
620,Dianne,Lassells,dlassellsh7@goo.gl,Genderfluid,164.66.156.245
621,Ermina,Wing,ewingh8@mozilla.org,Female,70.133.136.87
622,Anestassia,Chomicki,achomickih9@reverbnation.com,Female,83.128.207.227
623,Anneliese,Petriello,apetrielloha@icq.com,Female,95.53.109.208
624,Franny,Sappson,fsappsonhb@privacy.gov.au,Female,92.103.155.250
625,Esra,Dougan,edouganhc@hp.com,Male,251.148.234.206
626,Simone,Tevelov,stevelovhd@rediff.com,Female,136.117.188.208
627,Mikey,Basnett,mbasnetthe@blogtalkradio.com,Male,54.44.164.30
628,Serene,Whittock,swhittockhf@ox.ac.uk,Female,189.250.117.76
629,Newton,Ollivier,nollivierhg@foxnews.com,Male,140.180.245.144
630,Conny,Cholton,ccholtonhh@apple.com,Female,174.173.158.74
631,Findlay,Marryatt,fmarryatthi@diigo.com,Male,97.38.104.91
632,Roland,Records,rrecordshj@a8.net,Male,123.224.79.72
633,Ettore,Casey,ecaseyhk@foxnews.com,Male,79.204.238.188
634,Finn,Currie,fcurriehl@springer.com,Male,131.101.242.132
635,Aldis,Travis,atravishm@msn.com,Male,72.14.62.226
636,Mead,Dowry,mdowryhn@wordpress.com,Male,44.140.200.100
637,Dante,Soff,dsoffho@army.mil,Genderfluid,13.61.116.214
638,Coop,Forseith,cforseithhp@ameblo.jp,Bigender,31.69.217.13
639,Erinna,Dobbie,edobbiehq@360.cn,Female,7.36.82.46
640,Dene,Vasyutochkin,dvasyutochkinhr@dyndns.org,Male,32.213.207.56
641,Prue,Vane,pvanehs@hhs.gov,Female,152.97.177.154
642,Keen,O'Ferris,koferrisht@live.com,Male,45.240.78.99
643,Skell,Peniman,spenimanhu@youtu.be,Male,95.218.234.27
644,Celina,Stopforth,cstopforthhv@dyndns.org,Female,155.66.120.165
645,Xylina,Wansbury,xwansburyhw@stanford.edu,Female,139.242.188.64
646,Terra,Heffernon,theffernonhx@free.fr,Female,193.49.121.74
647,Mart,Trewhella,mtrewhellahy@columbia.edu,Male,220.36.197.13
648,Betti,Doge,bdogehz@friendfeed.com,Female,112.165.121.132
649,Tersina,Searby,tsearbyi0@phpbb.com,Female,171.147.58.228
650,Lazar,Shave,lshavei1@hibu.com,Male,2.170.118.128
651,Adamo,Dyball,adyballi2@xrea.com,Male,247.129.25.148
652,Marcus,Edmund,medmundi3@spotify.com,Male,114.3.143.86
653,Scottie,Pucknell,spucknelli4@ovh.net,Male,44.138.233.206
654,Karoline,Puddicombe,kpuddicombei5@bloomberg.com,Female,212.148.127.186
655,Abagael,Collidge,acollidgei6@youtu.be,Female,89.30.103.47
656,Lionel,Josefer,ljoseferi7@meetup.com,Genderqueer,125.123.127.23
657,Rheba,Cranshaw,rcranshawi8@kickstarter.com,Female,58.39.123.145
658,Talyah,Lyttle,tlyttlei9@yale.edu,Female,69.67.121.62
659,Hartley,Aveyard,haveyardia@squidoo.com,Polygender,198.252.232.220
660,Hymie,Gutierrez,hgutierrezib@theguardian.com,Male,204.139.128.239
661,Carree,Greenland,cgreenlandic@myspace.com,Female,47.35.48.40
662,Maritsa,Slidders,msliddersid@smugmug.com,Bigender,184.182.211.145
663,Ellissa,Conre,econreie@hostgator.com,Female,183.207.209.160
664,Margi,Biasioni,mbiasioniif@apple.com,Female,193.9.101.100
665,Thibaut,Bonnin,tbonninig@godaddy.com,Male,129.226.40.205
666,Reggy,Redferne,rredferneih@seesaa.net,Male,172.31.78.175
667,Gaile,Betke,gbetkeii@skype.com,Male,127.204.14.191
668,Derrick,Mattheis,dmattheisij@dmoz.org,Male,51.51.31.36
669,Son,Crowe,scroweik@umn.edu,Male,35.90.213.119
670,Amabelle,Brugger,abruggeril@npr.org,Female,15.186.243.189
671,Carina,Boxe,cboxeim@altervista.org,Female,105.81.107.138
672,Isabelle,Demaine,idemainein@reference.com,Female,106.98.141.155
673,Kary,Eskrigge,keskriggeio@pagesperso-orange.fr,Female,220.70.121.64
674,Isidoro,Merwood,imerwoodip@utexas.edu,Male,211.129.197.16
675,Cleopatra,Leggott,cleggottiq@is.gd,Female,233.135.130.76
676,Morey,Waltho,mwalthoir@icio.us,Male,174.30.150.195
677,Cori,Lapidus,clapidusis@bigcartel.com,Female,91.241.158.106
678,Bent,Sicha,bsichait@creativecommons.org,Male,88.29.158.117
679,Cybill,Kleinsinger,ckleinsingeriu@jugem.jp,Female,0.133.252.137
680,Marjy,Irnys,mirnysiv@chron.com,Female,135.135.145.4
681,Gabriel,Rieger,griegeriw@cnn.com,Male,210.157.42.42
682,Fabiano,Mildmott,fmildmottix@opera.com,Male,105.171.242.42
683,Gus,Densun,gdensuniy@slashdot.org,Polygender,182.102.7.104
684,Leigha,Schlagman,lschlagmaniz@example.com,Female,104.147.184.121
685,Madlen,Standbrook,mstandbrookj0@edublogs.org,Female,177.98.102.170
686,Adora,Bernini,aberninij1@tiny.cc,Female,217.44.120.59
687,Renaldo,Minger,rmingerj2@noaa.gov,Male,162.45.232.36
688,Melvin,Reeds,mreedsj3@mac.com,Male,21.11.19.222
689,Faustine,Blodg,fblodgj4@wordpress.com,Female,239.71.32.222
690,Ian,Oakland,ioaklandj5@wordpress.com,Male,210.102.232.46
691,Joel,McInnes,jmcinnesj6@istockphoto.com,Male,5.42.249.217
692,Layney,Cullinan,lcullinanj7@foxnews.com,Genderfluid,23.193.97.233
693,Neal,Raecroft,nraecroftj8@live.com,Male,118.253.47.51
694,Vic,Carneck,vcarneckj9@theglobeandmail.com,Male,29.101.146.136
695,Vania,Plampeyn,vplampeynja@aboutads.info,Genderqueer,14.200.60.175
696,Mortimer,Ackers,mackersjb@yandex.ru,Male,68.226.113.220
697,Tootsie,Mughal,tmughaljc@wisc.edu,Female,25.144.33.9
698,Celesta,Reap,creapjd@baidu.com,Female,8.197.86.161
699,Nataline,Molan,nmolanje@altervista.org,Female,29.62.10.221
700,Mikaela,Marien,mmarienjf@phoca.cz,Female,63.13.190.239
701,Jonell,Forrington,jforringtonjg@jalbum.net,Female,100.225.184.179
702,Joyous,Crock,jcrockjh@printfriendly.com,Female,165.252.230.253
703,Everard,Bette,ebetteji@newyorker.com,Male,204.231.146.180
704,Asa,Rosenfrucht,arosenfruchtjj@wired.com,Male,209.193.214.61
705,Sansone,Longstreet,slongstreetjk@cloudflare.com,Non-binary,176.48.121.22
706,Alister,De Castri,adecastrijl@odnoklassniki.ru,Male,56.43.199.178
707,Eudora,Beard,ebeardjm@nationalgeographic.com,Female,104.2.116.72
708,Mikel,Asipenko,masipenkojn@youku.com,Polygender,218.10.23.75
709,Rolf,Bosch,rboschjo@ebay.com,Male,63.10.167.125
710,Tobye,Conor,tconorjp@paypal.com,Female,149.8.65.199
711,Tracee,Ridett,tridettjq@parallels.com,Female,66.153.80.126
712,Godfrey,Peirce,gpeircejr@ed.gov,Male,234.248.218.61
713,Basilio,Jeacop,bjeacopjs@arizona.edu,Male,38.84.175.75
714,Kristi,Niesegen,kniesegenjt@angelfire.com,Female,125.61.195.206
715,Hermon,Lucia,hluciaju@123-reg.co.uk,Male,14.220.174.173
716,Katrina,Savil,ksaviljv@princeton.edu,Female,24.45.112.112
717,Anni,Prozillo,aprozillojw@woothemes.com,Female,18.105.66.210
718,Martelle,Cosley,mcosleyjx@addtoany.com,Female,218.55.44.12
719,Wilbert,Rosenbloom,wrosenbloomjy@ifeng.com,Male,28.156.205.213
720,Lambert,Bowser,lbowserjz@weather.com,Male,14.226.1.47
721,Markus,Goodwill,mgoodwillk0@devhub.com,Male,59.209.226.222
722,Reube,Clarricoates,rclarricoatesk1@webmd.com,Genderfluid,81.64.155.221
723,Heida,Wayt,hwaytk2@slate.com,Female,155.243.245.173
724,Shawnee,Pitkethly,spitkethlyk3@nasa.gov,Female,30.253.193.158
725,Roger,Kinchlea,rkinchleak4@forbes.com,Male,186.132.27.174
726,Violet,Newbold,vnewboldk5@chron.com,Female,125.35.44.25
727,Dionysus,Regis,dregisk6@t-online.de,Male,53.214.9.80
728,Josefina,Heigold,jheigoldk7@tripadvisor.com,Female,190.104.160.224
729,Sharla,Haps,shapsk8@ox.ac.uk,Female,112.106.144.125
730,Monika,Hawlgarth,mhawlgarthk9@mozilla.org,Female,13.226.25.106
731,Mirilla,Culross,mculrosska@ucoz.ru,Female,95.114.215.226
732,Tina,Coan,tcoankb@chron.com,Female,41.167.54.219
733,Paulie,Blannin,pblanninkc@naver.com,Male,222.132.109.186
734,Bailey,Streatley,bstreatleykd@oaic.gov.au,Male,1.17.10.180
735,Federico,Djuricic,fdjuricicke@parallels.com,Male,187.120.226.84
736,Ellary,Pays,epayskf@yahoo.co.jp,Male,170.208.81.79
737,Corby,Bohlmann,cbohlmannkg@infoseek.co.jp,Male,150.213.33.18
738,Rodd,Hindrick,rhindrickkh@studiopress.com,Male,156.132.99.136
739,Pen,Strooband,pstroobandki@linkedin.com,Female,189.66.156.107
740,Amory,Kett,akettkj@uiuc.edu,Male,183.57.170.241
741,Bunny,Wyer,bwyerkk@geocities.com,Female,55.133.241.169
742,Roldan,Cappleman,rcapplemankl@ebay.co.uk,Male,237.244.168.109
743,Tim,Getty,tgettykm@edublogs.org,Male,131.236.188.115
744,Ermanno,Moggle,emogglekn@g.co,Male,83.191.68.10
745,Edee,Lambdin,elambdinko@studiopress.com,Female,63.252.112.145
746,Dareen,Bithany,dbithanykp@cpanel.net,Female,104.15.57.209
747,Burr,Heningham,bheninghamkq@nhs.uk,Male,0.107.153.101
748,Eduard,Fryers,efryerskr@hexun.com,Male,99.160.165.129
749,Javier,Batalini,jbataliniks@gizmodo.com,Male,62.151.49.205
750,Laurena,Downse,ldownsekt@naver.com,Female,246.173.12.229
751,Gilburt,Breckin,gbreckinku@yolasite.com,Male,181.129.255.135
752,Rolf,Bennedsen,rbennedsenkv@npr.org,Male,178.122.49.78
753,Linea,Rosewell,lrosewellkw@wordpress.com,Female,52.78.26.131
754,Fanchette,Grills,fgrillskx@noaa.gov,Female,89.135.210.184
755,Edvard,Toland,etolandky@wikipedia.org,Male,140.130.239.29
756,Myriam,Plumridge,mplumridgekz@blog.com,Female,126.62.247.21
757,Allison,O'Henecan,aohenecanl0@weather.com,Female,132.122.44.151
758,Ellis,Van Hesteren,evanhesterenl1@cdbaby.com,Male,45.35.195.191
759,Nathaniel,Corran,ncorranl2@google.co.uk,Male,234.109.108.160
760,Charisse,Novichenko,cnovichenkol3@scribd.com,Female,34.166.239.141
761,Franny,Boot,fbootl4@pinterest.com,Polygender,214.4.9.1
762,Salomo,Royans,sroyansl5@upenn.edu,Male,233.128.22.187
763,Maxie,D'Elia,mdelial6@about.me,Male,81.187.163.238
764,Sansone,Fourcade,sfourcadel7@tripadvisor.com,Male,181.43.83.231
765,Odelle,Finder,ofinderl8@merriam-webster.com,Bigender,145.32.85.101
766,Marlon,Lis,mlisl9@sfgate.com,Male,168.174.172.34
767,Niels,Goodings,ngoodingsla@harvard.edu,Male,225.81.47.222
768,Olivie,Wyrill,owyrilllb@nih.gov,Female,113.183.198.0
769,Egor,Sunnucks,esunnuckslc@ft.com,Male,136.124.118.67
770,Micky,Corriea,mcorrieald@aol.com,Female,248.109.135.215
771,Jocko,Truscott,jtruscottle@pagesperso-orange.fr,Male,8.252.15.253
772,Sonni,Grundy,sgrundylf@springer.com,Female,154.54.176.243
773,Ruthe,Lavell,rlavelllg@bing.com,Genderqueer,174.231.0.234
774,Roana,Bradbrook,rbradbrooklh@addthis.com,Female,115.66.222.150
775,Ginni,Zum Felde,gzumfeldeli@timesonline.co.uk,Female,79.82.23.122
776,Salvatore,Roe,sroelj@xrea.com,Male,135.25.221.234
777,Aube,Tretwell,atretwelllk@4shared.com,Male,238.80.188.128
778,Tedmund,Burk,tburkll@prnewswire.com,Male,220.130.61.190
779,Carlotta,Tomaskov,ctomaskovlm@odnoklassniki.ru,Female,51.150.215.16
780,Yvor,Gladdin,ygladdinln@thetimes.co.uk,Male,201.9.127.118
781,Inessa,Follin,ifollinlo@home.pl,Female,35.74.2.25
782,Karalynn,Doddridge,kdoddridgelp@zimbio.com,Female,134.125.25.163
783,Alyssa,Lafuente,alafuentelq@twitpic.com,Female,101.73.193.84
784,Aldin,Sammons,asammonslr@hostgator.com,Male,122.101.172.112
785,Rorie,Tugwell,rtugwellls@furl.net,Female,138.154.48.198
786,Burton,Deathridge,bdeathridgelt@51.la,Male,247.206.92.43
787,Starr,Brislen,sbrislenlu@blinklist.com,Female,228.242.98.36
788,Layton,Nevin,lnevinlv@ehow.com,Male,54.189.28.13
789,Filmore,Doni,fdonilw@google.de,Male,151.129.86.168
790,Twila,Basek,tbaseklx@liveinternet.ru,Female,30.17.220.175
791,Ilyse,Baverstock,ibaverstockly@issuu.com,Female,187.219.180.39
792,Isaak,Moules,imouleslz@miibeian.gov.cn,Male,54.154.28.193
793,Josiah,Dulieu,jdulieum0@mlb.com,Male,135.225.52.21
794,Fern,Weth,fwethm1@blogger.com,Female,249.161.167.174
795,Riccardo,Eliaz,reliazm2@i2i.jp,Male,254.29.114.66
796,Shepperd,Sextone,ssextonem3@bandcamp.com,Male,232.71.152.18
797,Randie,Dibner,rdibnerm4@unc.edu,Male,231.3.127.93
798,Rusty,Ohanessian,rohanessianm5@umn.edu,Male,77.187.181.243
799,Babette,McClure,bmcclurem6@amazonaws.com,Female,58.88.177.37
800,Neille,Cuchey,ncucheym7@friendfeed.com,Female,237.29.160.123
801,Sid,Ruger,srugerm8@last.fm,Male,141.49.204.25
802,Gaspar,Hubbock,ghubbockm9@wsj.com,Male,238.83.5.150
803,Mitch,Stedall,mstedallma@wisc.edu,Male,129.77.225.197
804,Rachelle,Baszkiewicz,rbaszkiewiczmb@ehow.com,Genderqueer,48.41.63.248
805,Phillis,Kennea,pkenneamc@shutterfly.com,Non-binary,136.247.179.110
806,Krispin,Howkins,khowkinsmd@walmart.com,Male,130.90.152.61
807,Robbyn,Bangley,rbangleyme@cdbaby.com,Female,236.99.17.64
808,Fawn,Waliszewski,fwaliszewskimf@google.com,Female,107.211.47.23
809,Dore,Islep,dislepmg@t-online.de,Female,115.255.231.172
810,Lenci,Yedall,lyedallmh@freewebs.com,Genderqueer,213.179.200.211
811,Jeromy,Harvison,jharvisonmi@cnn.com,Genderfluid,251.53.241.134
812,Mariejeanne,Littlechild,mlittlechildmj@census.gov,Female,131.87.166.177
813,Desdemona,Bocken,dbockenmk@woothemes.com,Female,229.68.109.229
814,Dottie,Rawll,drawllml@blog.com,Female,75.68.34.162
815,Ilyssa,D'eye,ideyemm@wired.com,Female,222.27.181.121
816,Sylvester,Thrower,sthrowermn@hc360.com,Male,79.50.189.170
817,Francklin,Hinstridge,fhinstridgemo@bing.com,Male,82.38.210.242
818,Bree,Rozenzweig,brozenzweigmp@boston.com,Female,106.99.203.79
819,Gay,Fissenden,gfissendenmq@webnode.com,Male,217.43.160.138
820,Rolland,Vannozzii,rvannozziimr@cafepress.com,Male,36.229.153.214
821,Galven,Ferrelli,gferrellims@baidu.com,Male,30.179.121.118
822,Yurik,Nutt,ynuttmt@lycos.com,Male,28.85.193.115
823,Germayne,Stearn,gstearnmu@foxnews.com,Non-binary,64.74.19.35
824,Mohandas,Borrott,mborrottmv@barnesandnoble.com,Male,53.2.170.162
825,Jabez,Cesco,jcescomw@cbc.ca,Polygender,12.230.140.86
826,Michaeline,Gamwell,mgamwellmx@pcworld.com,Female,61.203.246.38
827,Trstram,Pick,tpickmy@a8.net,Male,52.254.79.208
828,Murdoch,Kingcote,mkingcotemz@salon.com,Male,106.1.84.38
829,Reynold,Haack,rhaackn0@sitemeter.com,Male,147.159.202.190
830,Haleigh,Roseaman,hroseamann1@uiuc.edu,Female,140.118.212.35
831,Nichole,Edler,nedlern2@gravatar.com,Male,64.155.184.57
832,Margaretta,Haffard,mhaffardn3@liveinternet.ru,Female,207.66.216.30
833,Kacie,Goodale,kgoodalen4@comcast.net,Female,106.29.130.229
834,Leyla,Cruces,lcrucesn5@google.com.hk,Female,104.249.108.96
835,Isahella,Garbert,igarbertn6@netvibes.com,Female,92.241.221.244
836,Zeke,Crosskell,zcrosskelln7@cpanel.net,Male,79.253.65.175
837,Kalindi,Semens,ksemensn8@mit.edu,Female,95.250.186.179
838,Edi,Ilyin,eilyinn9@ucsd.edu,Female,75.233.56.179
839,Sly,Gronous,sgronousna@github.io,Male,220.38.158.103
840,Stephan,Faccini,sfaccininb@webeden.co.uk,Male,116.19.144.2
841,Arlette,Mogg,amoggnc@exblog.jp,Female,211.65.224.118
842,Blake,Pughe,bpughend@nhs.uk,Genderfluid,229.113.56.76
843,Alecia,Bonnick,abonnickne@toplist.cz,Female,146.96.20.204
844,Cris,Sichardt,csichardtnf@adobe.com,Female,253.241.71.164
845,Arleen,Malafe,amalafeng@etsy.com,Female,239.137.235.241
846,Ginevra,Gregoli,ggregolinh@issuu.com,Bigender,4.11.86.12
847,Gertruda,Chaudrelle,gchaudrelleni@google.ru,Female,22.198.236.4
848,Donnell,Schust,dschustnj@ftc.gov,Bigender,32.197.238.117
849,Sandie,Speachley,sspeachleynk@washingtonpost.com,Female,140.247.102.162
850,Elmore,Shoulder,eshouldernl@xrea.com,Male,196.242.207.124
851,Danice,De Carlo,ddecarlonm@salon.com,Female,100.34.169.28
852,Davida,Falconbridge,dfalconbridgenn@nytimes.com,Female,177.171.137.144
853,Indira,MacCroary,imaccroaryno@ezinearticles.com,Female,95.76.223.44
854,Giffard,Krysztofiak,gkrysztofiaknp@ask.com,Male,157.151.40.78
855,Arabela,Kinson,akinsonnq@irs.gov,Female,147.51.43.33
856,Catrina,Andreolli,candreollinr@surveymonkey.com,Female,90.48.150.18
857,Marlow,Rojas,mrojasns@accuweather.com,Male,48.148.44.37
858,Mercy,Peabody,mpeabodynt@oracle.com,Female,225.205.80.230
859,Marje,Doree,mdoreenu@icio.us,Polygender,231.76.44.214
860,Janeczka,Murfin,jmurfinnv@buzzfeed.com,Female,191.20.103.108
861,Zedekiah,Hyrons,zhyronsnw@stumbleupon.com,Male,235.167.215.30
862,Kippy,Bramhall,kbramhallnx@amazon.co.jp,Female,68.65.74.117
863,Justinn,Janz,jjanzny@oaic.gov.au,Female,35.163.26.184
864,Clarke,Bunson,cbunsonnz@printfriendly.com,Male,103.35.34.206
865,Cecil,Watkinson,cwatkinsono0@sina.com.cn,Female,100.163.163.89
866,Forster,Vasyutkin,fvasyutkino1@ezinearticles.com,Male,201.164.120.82
867,Hildagard,Bartholomaus,hbartholomauso2@last.fm,Female,158.23.45.102
868,Sonnie,Paschek,spascheko3@amazon.de,Male,68.164.113.117
869,Mario,Spreull,mspreullo4@fda.gov,Male,193.123.58.206
870,Liam,Lermouth,llermoutho5@fema.gov,Male,193.19.27.2
871,Davy,Isakovitch,disakovitcho6@wsj.com,Male,195.235.158.6
872,Billi,Antliff,bantliffo7@ucsd.edu,Genderfluid,216.79.123.114
873,Danni,Vaines,dvaineso8@europa.eu,Female,122.233.254.141
874,Lola,Burwell,lburwello9@imageshack.us,Genderfluid,202.54.163.169
875,Erastus,Blewett,eblewettoa@marriott.com,Agender,75.28.101.72
876,Kinny,Labrone,klabroneob@amazon.de,Male,65.18.28.208
877,Ferdy,Blackeby,fblackebyoc@techcrunch.com,Male,11.185.210.117
878,Maurine,Elms,melmsod@theatlantic.com,Female,177.37.46.13
879,Liam,Bortolini,lbortolinioe@omniture.com,Male,225.177.9.74
880,Nadeen,Sibbons,nsibbonsof@nba.com,Female,246.17.99.240
881,Wayne,Morde,wmordeog@howstuffworks.com,Male,66.16.184.15
882,Avery,Hainning,ahainningoh@ihg.com,Male,102.97.197.57
883,Anson,Pettwood,apettwoodoi@ifeng.com,Male,242.40.20.152
884,Ulrick,Epple,ueppleoj@rakuten.co.jp,Male,58.97.24.96
885,Pincas,Pieche,ppiecheok@oaic.gov.au,Male,138.238.196.80
886,Jarrod,Goldsmith,jgoldsmithol@amazonaws.com,Male,136.141.172.41
887,Kinny,Fernant,kfernantom@addthis.com,Male,229.136.226.213
888,Dyann,Scarman,dscarmanon@mail.ru,Female,130.157.18.235
889,Twyla,Burditt,tburdittoo@forbes.com,Bigender,249.166.179.52
890,Michele,Jeanel,mjeanelop@japanpost.jp,Female,29.12.99.2
891,Molli,Hirsch,mhirschoq@odnoklassniki.ru,Female,60.89.185.113
892,Kristoffer,Abramchik,kabramchikor@domainmarket.com,Male,47.71.100.14
893,Verney,MacKartan,vmackartanos@networkadvertising.org,Male,253.130.139.27
894,Damiano,Alexsandrov,dalexsandrovot@theguardian.com,Male,160.174.60.207
895,Alonso,Ayerst,aayerstou@eventbrite.com,Male,56.102.120.159
896,Andee,Bestar,abestarov@hibu.com,Female,43.209.17.239
897,Husain,Smullin,hsmullinow@nih.gov,Male,64.108.248.247
898,Dan,Hubber,dhubberox@wired.com,Male,178.29.97.105
899,Lori,Brandreth,lbrandrethoy@prweb.com,Genderfluid,158.231.186.63
900,Jo,Alwood,jalwoodoz@bbc.co.uk,Genderqueer,4.200.10.75
901,Winonah,Tollady,wtolladyp0@buzzfeed.com,Female,161.171.135.97
902,Zola,Battrick,zbattrickp1@aboutads.info,Agender,51.64.62.42
903,Adolf,Pelfer,apelferp2@yale.edu,Male,59.113.44.145
904,Faun,Fulbrook,ffulbrookp3@ehow.com,Female,11.232.99.203
905,Esra,Hanaby,ehanabyp4@parallels.com,Male,153.199.94.51
906,Mellisent,Goodbar,mgoodbarp5@blogspot.com,Female,217.49.243.60
907,Rosanne,Rippin,rrippinp6@exblog.jp,Female,183.27.7.117
908,Christalle,Mingard,cmingardp7@sphinn.com,Female,103.140.10.246
909,Chas,Bagwell,cbagwellp8@elpais.com,Male,208.79.127.224
910,Duncan,Ciardo,dciardop9@canalblog.com,Male,175.47.155.95
911,Ermanno,Turmel,eturmelpa@pcworld.com,Male,150.222.74.31
912,Marwin,Melling,mmellingpb@washingtonpost.com,Male,220.80.248.123
913,Rahal,Swanson,rswansonpc@illinois.edu,Female,198.90.116.190
914,Rodina,Flello,rflellopd@so-net.ne.jp,Female,72.79.145.2
915,Beryle,Delahunty,bdelahuntype@disqus.com,Female,24.207.252.157
916,Maure,Kitt,mkittpf@booking.com,Female,120.100.12.207
917,Scottie,Jendas,sjendaspg@utexas.edu,Male,122.54.25.37
918,Barnard,Moatt,bmoattph@goo.gl,Male,170.247.139.156
919,Hettie,Minero,hmineropi@prweb.com,Bigender,148.31.112.190
920,Rabbi,Gouldeby,rgouldebypj@furl.net,Male,38.35.109.172
921,Delaney,Blanckley,dblanckleypk@springer.com,Male,205.11.133.204
922,Caesar,Yitzhok,cyitzhokpl@adobe.com,Genderfluid,46.73.189.82
923,Mahalia,Skevington,mskevingtonpm@nifty.com,Genderfluid,208.36.115.186
924,Sibylle,Ilchenko,silchenkopn@apple.com,Agender,167.106.211.210
925,Cleon,Simounet,csimounetpo@wordpress.com,Male,125.130.113.19
926,Rossy,Newbery,rnewberypp@omniture.com,Male,94.120.66.53
927,Jameson,Giroldo,jgiroldopq@nytimes.com,Male,9.253.0.219
928,Lina,Garaghan,lgaraghanpr@tiny.cc,Female,60.183.117.225
929,Iolande,Dobsons,idobsonsps@sbwire.com,Female,191.4.242.41
930,Hartwell,Aprahamian,haprahamianpt@technorati.com,Male,235.242.13.45
931,Rhianon,Savil,rsavilpu@arstechnica.com,Female,146.212.16.19
932,Thain,Hanratty,thanrattypv@foxnews.com,Genderqueer,153.197.155.146
933,Xavier,Furman,xfurmanpw@phpbb.com,Male,50.211.232.56
934,Lara,Barrand,lbarrandpx@amazon.de,Female,149.198.252.48
935,Andy,Chaman,achamanpy@unblog.fr,Female,229.115.35.233
936,Earlie,Steketee,esteketeepz@sourceforge.net,Male,26.39.139.172
937,Ragnar,Dignan,rdignanq0@csmonitor.com,Male,146.33.79.249
938,Margret,Cartwright,mcartwrightq1@google.es,Female,211.244.51.51
939,Saxe,Sinderland,ssinderlandq2@sphinn.com,Male,225.201.242.247
940,Budd,Winsper,bwinsperq3@instagram.com,Male,153.85.117.211
941,Kellie,Caseri,kcaseriq4@sohu.com,Female,252.1.40.61
942,Marieann,Riddle,mriddleq5@wordpress.com,Female,146.148.23.34
943,Sara-ann,Kuzma,skuzmaq6@miitbeian.gov.cn,Female,253.171.144.111
944,Allyn,Waldock,awaldockq7@jiathis.com,Male,178.220.123.3
945,Marlie,Strewthers,mstrewthersq8@baidu.com,Female,43.203.167.215
946,Eilis,Tingle,etingleq9@hatena.ne.jp,Genderqueer,113.124.243.109
947,Dorie,Heliar,dheliarqa@skype.com,Male,189.44.190.1
948,Harman,Adan,hadanqb@cpanel.net,Male,100.162.91.186
949,Siusan,Ruecastle,sruecastleqc@slashdot.org,Female,230.76.202.245
950,Chery,Foale,cfoaleqd@economist.com,Female,206.102.95.207
951,Hilly,Willishire,hwillishireqe@slate.com,Male,152.84.129.94
952,Maddy,Lytell,mlytellqf@mail.ru,Female,220.232.237.252
953,Curtice,Matveiko,cmatveikoqg@free.fr,Male,182.235.136.120
954,Shandra,Balassi,sbalassiqh@tiny.cc,Female,102.82.144.141
955,Gerry,Loyley,gloyleyqi@homestead.com,Male,21.130.247.112
956,Cinda,Pizzie,cpizzieqj@un.org,Non-binary,206.201.22.157
957,Rhoda,Gookes,rgookesqk@tamu.edu,Female,197.191.80.102
958,Hasty,Featherstonhaugh,hfeatherstonhaughql@desdev.cn,Male,250.125.183.60
959,Gwenneth,Marshall,gmarshallqm@ustream.tv,Bigender,166.86.103.178
960,Ashlan,Paulillo,apaulilloqn@com.com,Female,205.122.138.142
961,Lyle,Rospars,lrosparsqo@yelp.com,Male,19.224.70.50
962,Godiva,Snoxill,gsnoxillqp@aol.com,Genderqueer,177.100.217.183
963,Thedrick,Kealy,tkealyqq@hao123.com,Male,109.193.162.158
964,Johnathan,Ruoss,jruossqr@webeden.co.uk,Male,15.185.60.176
965,Chance,Gierck,cgierckqs@wordpress.com,Male,11.230.241.62
966,Buffy,Pettyfar,bpettyfarqt@yahoo.co.jp,Female,151.217.150.45
967,Trefor,Crystal,tcrystalqu@huffingtonpost.com,Male,138.200.142.108
968,Alaster,Shalloo,ashallooqv@unc.edu,Genderqueer,106.224.2.45
969,Merrill,Royce,mroyceqw@github.com,Female,217.129.55.145
970,Roobbie,Gon,rgonqx@pcworld.com,Female,221.176.41.152
971,Nesta,Philippou,nphilippouqy@cbsnews.com,Female,118.13.24.110
972,Nataline,Trussell,ntrussellqz@youtube.com,Female,1.114.235.97
973,Xaviera,Feavyour,xfeavyourr0@com.com,Female,2.86.174.127
974,Erroll,Fattorini,efattorinir1@google.pl,Male,21.158.96.80
975,Eveleen,Whewell,ewhewellr2@nyu.edu,Female,198.240.45.239
976,Kerstin,Luthwood,kluthwoodr3@answers.com,Female,168.167.159.23
977,Winifield,Turpie,wturpier4@time.com,Male,85.234.234.148
978,Merrily,Boxhill,mboxhillr5@biblegateway.com,Female,26.164.104.68
979,Carlyle,Wisher,cwisherr6@livejournal.com,Male,38.197.173.14
980,Madge,Amer,mamerr7@businessweek.com,Female,96.237.108.174
981,Vivien,Itschakov,vitschakovr8@chicagotribune.com,Female,16.221.251.217
982,Charles,Belleny,cbellenyr9@upenn.edu,Male,30.148.21.197
983,Sasha,Devenport,sdevenportra@latimes.com,Male,247.225.146.140
984,Mella,Tomczak,mtomczakrb@ocn.ne.jp,Female,165.152.136.238
985,Kirstyn,Basire,kbasirerc@com.com,Female,71.59.201.198
986,Dukey,Fanthom,dfanthomrd@slate.com,Male,190.138.67.173
987,Ingram,Forgan,iforganre@hp.com,Male,141.204.233.134
988,Tammy,Keoghan,tkeoghanrf@aol.com,Female,249.172.45.188
989,Ruby,Topping,rtoppingrg@cnet.com,Female,160.171.132.198
990,Ulrick,Brislawn,ubrislawnrh@nih.gov,Male,143.34.143.16
991,Harlie,Jedrzejczak,hjedrzejczakri@godaddy.com,Female,216.185.32.6
992,Erv,Le Conte,eleconterj@jiathis.com,Male,133.125.97.4
993,Aylmer,Yuranovev,ayuranovevrk@posterous.com,Male,102.102.121.81
994,Nicolis,Broadstock,nbroadstockrl@usda.gov,Male,91.231.57.242
995,Norry,Hoxey,nhoxeyrm@yahoo.co.jp,Male,98.212.85.223
996,Ora,Brookbank,obrookbankrn@nhs.uk,Female,248.229.73.115
997,Wilbert,Pidgeley,wpidgeleyro@globo.com,Male,237.229.199.62
998,Gertrudis,Jezzard,gjezzardrp@aol.com,Female,184.29.135.173
999,Erma,Uebel,euebelrq@apple.com,Female,182.62.96.244
1000,Ronnie,Hebner,rhebnerrr@zimbio.com,Bigender,97.207.229.154
