id,first_name,last_name,email,gender,ip_address,sales_staff
1,Joelle,Caswall,jcaswall0@wiley.com,Female,31.100.7.232,777
2,Raleigh,Vynall,rvynall1@sohu.com,Male,114.249.157.184,103
3,Ingra,Furney,ifurney2@google.co.uk,Male,14.73.145.227,9
4,Douglass,Kiffin,dkiffin3@who.int,Male,142.153.235.125,297
5,Lottie,Gainsford,lgainsford4@etsy.com,Female,128.208.247.224,978
6,Melesa,Elton,melton5@devhub.com,Female,111.33.213.105,314
7,Lloyd,Dumbrill,ldumbrill6@abc.net.au,Male,94.138.246.202,917
8,Sidonnie,Breese,sbreese7@bbb.org,Female,98.209.166.201,500
9,Jermain,Giordano,jgiordano8@alexa.com,Male,164.182.120.61,407
10,Merry,Exell,mexell9@twitpic.com,Male,58.196.113.133,93
11,Dame,Glaisner,dglaisnera@theguardian.com,Male,207.75.217.129,210
12,Claudianus,Creak,ccreakb@bing.com,Male,82.229.10.51,246
13,Laney,Soonhouse,lsoonhousec@canalblog.com,Male,165.63.2.175,883
14,Ephrayim,Dunn,edunnd@tuttocitta.it,Polygender,198.91.22.76,566
15,Thedric,Raine,trainee@time.com,Male,49.247.228.86,245
16,Colman,Keller,ckellerf@yahoo.com,Male,192.193.151.217,513
17,Zelma,Shinfield,zshinfieldg@ebay.com,Female,175.29.124.23,700
18,Ephrem,Trinke,etrinkeh@theatlantic.com,Male,189.240.230.97,237
19,Mirilla,Vosse,mvossei@washington.edu,Female,40.193.239.167,102
20,Kaye,Wettern,kwetternj@un.org,Female,109.63.110.120,304
21,Agnes,Jiggins,ajigginsk@360.cn,Female,182.177.58.94,346
22,Celine,Pighills,cpighillsl@cocolog-nifty.com,Female,221.147.68.63,229
23,Danyette,Latour,dlatourm@stanford.edu,Female,150.180.121.238,104
24,Davey,Danigel,ddanigeln@icq.com,Male,139.102.151.83,843
25,Sherline,Yonge,syongeo@elegantthemes.com,Female,107.131.230.26,803
26,Estel,Kirby,ekirbyp@hao123.com,Female,246.234.133.118,263
27,Ingaborg,Borwick,iborwickq@baidu.com,Female,246.89.184.81,259
28,Jammie,Kinsella,jkinsellar@yellowbook.com,Female,3.69.194.228,562
29,Rahal,Durbyn,rdurbyns@dot.gov,Female,74.58.220.251,772
30,Reggi,Wealleans,rwealleanst@japanpost.jp,Female,164.140.187.58,32
31,Sly,MacKeig,smackeigu@facebook.com,Male,93.174.169.83,661
32,Joeann,Autin,jautinv@ebay.com,Female,78.57.32.208,669
33,Melisa,Antonioni,mantonioniw@google.de,Female,249.154.73.72,508
34,Robina,Copnar,rcopnarx@arizona.edu,Female,153.159.166.255,979
35,Gerri,Kleingrub,gkleingruby@jiathis.com,Bigender,133.196.16.36,998
36,Martyn,Le Clercq,mleclercqz@nps.gov,Male,183.9.168.171,67
37,Gwendolyn,Pheasey,gpheasey10@spotify.com,Female,160.160.58.145,689
38,Anneliese,Woodham,awoodham11@netvibes.com,Female,254.21.114.94,900
39,Heywood,Sneyd,hsneyd12@phpbb.com,Male,238.170.170.71,635
40,Gaultiero,Foale,gfoale13@simplemachines.org,Male,120.129.249.17,123
41,Rubi,Bentz,rbentz14@hud.gov,Female,229.49.174.163,642
42,Kinsley,Ferenczy,kferenczy15@yahoo.co.jp,Male,10.110.94.12,987
43,Stanleigh,McIlwraith,smcilwraith16@lulu.com,Male,6.121.184.73,587
44,Skip,Begbie,sbegbie17@about.com,Male,252.239.151.218,34
45,Martica,Yonnie,myonnie18@google.co.jp,Female,51.234.30.164,39
46,Lizbeth,Sills,lsills19@bizjournals.com,Female,144.83.208.22,688
47,Devland,Collip,dcollip1a@jugem.jp,Male,82.149.232.171,658
48,Jaquelin,Sefton,jsefton1b@cpanel.net,Female,38.232.173.8,336
49,Sherie,Whaplington,swhaplington1c@hibu.com,Female,143.197.114.34,277
50,Phip,Upex,pupex1d@shareasale.com,Male,250.159.105.71,20
51,Evanne,Matysiak,ematysiak1e@discovery.com,Female,199.180.32.132,359
52,Calv,Lawrenz,clawrenz1f@telegraph.co.uk,Male,62.31.254.84,182
53,Lincoln,Clingoe,lclingoe1g@hao123.com,Male,196.83.88.233,1
54,Carlynne,Degg,cdegg1h@theatlantic.com,Female,219.220.239.255,988
55,Elinor,Krzyzowski,ekrzyzowski1i@jimdo.com,Female,159.183.237.133,851
56,Herman,Korous,hkorous1j@bing.com,Male,70.158.143.119,128
57,Kimmie,Pendleberry,kpendleberry1k@addthis.com,Female,36.128.99.238,385
58,Dimitry,Drowsfield,ddrowsfield1l@usgs.gov,Genderfluid,105.43.50.3,418
59,Bellina,Tantrum,btantrum1m@apple.com,Female,151.218.34.163,659
60,Rori,Ghioni,rghioni1n@pbs.org,Female,224.235.105.70,175
61,Domenic,Bulcroft,dbulcroft1o@google.co.jp,Male,197.36.17.186,954
62,Trude,Pither,tpither1p@mashable.com,Female,35.251.172.181,731
63,Katrina,Tingcomb,ktingcomb1q@tinyurl.com,Female,126.57.79.156,512
64,Quincy,Gutridge,qgutridge1r@npr.org,Male,128.150.127.254,687
65,Terry,Axtens,taxtens1s@studiopress.com,Female,102.21.136.95,265
66,Renaldo,Crosier,rcrosier1t@sohu.com,Male,122.41.12.134,458
67,Darlene,Zarfati,dzarfati1u@cisco.com,Female,11.173.93.203,787
68,Nelli,Holmyard,nholmyard1v@dailymail.co.uk,Female,137.6.245.241,811
69,Enrique,Cocklie,ecocklie1w@addtoany.com,Male,174.180.21.131,98
70,Josh,Pendell,jpendell1x@youtube.com,Male,99.163.179.26,551
71,Roanna,Youhill,ryouhill1y@icio.us,Female,85.212.225.185,451
72,Tobey,Roelvink,troelvink1z@edublogs.org,Bigender,51.218.34.250,817
73,Quinn,Klich,qklich20@umn.edu,Female,4.240.69.216,741
74,Anderea,Stammler,astammler21@ask.com,Female,82.238.84.92,286
75,Herc,Cowin,hcowin22@amazonaws.com,Male,111.75.46.241,610
76,Grethel,Mawditt,gmawditt23@hugedomains.com,Female,112.82.205.24,87
77,Brendin,Mollen,bmollen24@wired.com,Male,165.10.26.214,395
78,Norma,D'Ambrosi,ndambrosi25@loc.gov,Female,104.73.145.81,300
79,Mitchell,Sneesbie,msneesbie26@vistaprint.com,Male,172.82.143.254,724
80,Rani,Duddin,rduddin27@sourceforge.net,Female,9.191.236.47,489
81,Alethea,Clemmitt,aclemmitt28@ustream.tv,Female,224.61.44.161,592
82,Hali,Moohan,hmoohan29@arstechnica.com,Female,82.170.196.227,983
83,Mallory,O'Rourke,morourke2a@smh.com.au,Male,246.119.125.174,540
84,Pandora,Delacoste,pdelacoste2b@qq.com,Female,159.23.184.144,648
85,Hyman,McManamon,hmcmanamon2c@salon.com,Male,118.208.86.207,105
86,Danni,Beggini,dbeggini2d@sciencedirect.com,Female,23.63.28.183,645
87,Bette,Arpino,barpino2e@narod.ru,Female,73.218.194.126,94
88,Dorothy,Ambrus,dambrus2f@vkontakte.ru,Female,59.106.147.242,785
89,Milly,Willmetts,mwillmetts2g@desdev.cn,Female,140.155.103.14,553
90,Ferne,Halley,fhalley2h@cdbaby.com,Female,106.210.55.94,797
91,Norby,Gatrill,ngatrill2i@marketwatch.com,Male,209.80.31.140,871
92,Lucien,Merrell,lmerrell2j@example.com,Male,212.106.148.169,120
93,Renado,Ruppert,rruppert2k@theglobeandmail.com,Genderfluid,158.217.164.218,746
94,Barri,Loudon,bloudon2l@liveinternet.ru,Male,159.132.18.47,113
95,Vallie,Tocqueville,vtocqueville2m@dedecms.com,Female,20.1.32.87,366
96,Davide,Goracci,dgoracci2n@businessinsider.com,Male,206.29.97.208,305
97,Genovera,Matelaitis,gmatelaitis2o@list-manage.com,Female,60.115.102.179,805
98,Fair,Strutt,fstrutt2p@issuu.com,Male,203.53.254.97,539
99,Errol,Philcox,ephilcox2q@etsy.com,Agender,19.103.238.225,351
100,Maudie,Cometti,mcometti2r@myspace.com,Female,203.222.137.39,155
101,Cissy,Essel,cessel2s@wikimedia.org,Female,251.213.57.20,299
102,Farlie,Phil,fphil2t@purevolume.com,Male,59.73.97.68,271
103,Hershel,Essex,hessex2u@wp.com,Genderqueer,207.207.212.25,21
104,Enrico,Picken,epicken2v@mayoclinic.com,Male,80.239.184.193,197
105,Dari,Middlehurst,dmiddlehurst2w@instagram.com,Polygender,234.150.159.64,546
106,Filbert,Lembke,flembke2x@harvard.edu,Male,159.15.6.135,659
107,Ulberto,Yitzowitz,uyitzowitz2y@123-reg.co.uk,Male,153.239.108.11,716
108,Gray,Tropman,gtropman2z@ox.ac.uk,Genderfluid,112.247.144.52,764
109,Dionne,Blackey,dblackey30@tuttocitta.it,Female,14.171.204.67,484
110,Temple,Needs,tneeds31@epa.gov,Male,56.86.18.132,773
111,Mord,Yanukhin,myanukhin32@google.co.jp,Male,22.45.128.58,22
112,Allene,Jaze,ajaze33@hugedomains.com,Female,54.75.252.143,475
113,Valma,Viner,vviner34@cpanel.net,Female,79.125.30.22,77
114,Loralie,Phidgin,lphidgin35@amazon.de,Female,160.64.216.205,233
115,Wald,Spratley,wspratley36@studiopress.com,Male,33.217.242.59,784
116,Brnaba,Schleicher,bschleicher37@cbsnews.com,Male,47.240.153.99,200
117,Kendra,Dorrell,kdorrell38@wsj.com,Female,224.152.81.239,193
118,Brewer,Haughey,bhaughey39@si.edu,Male,69.36.7.163,335
119,Bruce,Devote,bdevote3a@unc.edu,Male,253.184.191.91,511
120,Benyamin,Walshe,bwalshe3b@patch.com,Male,35.213.233.42,905
121,Babb,Campana,bcampana3c@google.pl,Female,31.174.54.107,419
122,Rhona,Sharpous,rsharpous3d@geocities.jp,Female,4.94.239.192,185
123,Linn,Robion,lrobion3e@bbc.co.uk,Female,234.117.166.221,310
124,Rhoda,Schmuhl,rschmuhl3f@blinklist.com,Female,228.137.251.59,914
125,Ash,Curreen,acurreen3g@cpanel.net,Agender,229.88.111.208,385
126,Didi,Scown,dscown3h@ted.com,Female,49.151.65.232,985
127,Violante,Dirand,vdirand3i@issuu.com,Female,183.36.177.221,533
128,Cindee,Edelmann,cedelmann3j@dmoz.org,Genderqueer,232.255.39.89,438
129,Liz,Longfellow,llongfellow3k@stumbleupon.com,Female,122.179.155.251,50
130,Raven,Olivera,rolivera3l@xing.com,Female,165.126.197.186,956
131,Antonino,Snazel,asnazel3m@si.edu,Male,221.36.251.144,260
132,Feodor,Upston,fupston3n@shop-pro.jp,Male,219.229.126.206,147
133,Karlik,Swiers,kswiers3o@ameblo.jp,Male,162.134.46.125,149
134,Eula,Tilberry,etilberry3p@google.cn,Female,64.143.177.92,330
135,Gun,Stoffels,gstoffels3q@devhub.com,Male,227.220.181.154,152
136,Skipp,Stag,sstag3r@tiny.cc,Male,44.143.143.196,468
137,Mata,Kemmer,mkemmer3s@indiegogo.com,Polygender,69.60.205.115,465
138,Jo-ann,Rozec,jrozec3t@oracle.com,Female,90.60.32.118,781
139,Gregoire,Gauche,ggauche3u@comcast.net,Male,167.119.250.208,740
140,Truda,Jirousek,tjirousek3v@nydailynews.com,Female,171.170.58.109,868
141,Rikki,Knightly,rknightly3w@blogspot.com,Male,34.35.17.123,408
142,Lowe,Gidden,lgidden3x@yandex.ru,Male,43.136.245.100,632
143,Abbott,Benterman,abenterman3y@hud.gov,Male,254.77.197.19,31
144,Ardath,Hallin,ahallin3z@jigsy.com,Female,110.179.11.251,962
145,Wakefield,Cryer,wcryer40@dailymail.co.uk,Male,250.115.13.42,856
146,Brier,Flux,bflux41@trellian.com,Female,147.11.195.104,294
147,Murry,Corsar,mcorsar42@abc.net.au,Male,80.151.157.70,799
148,Caro,Toping,ctoping43@google.co.uk,Female,133.67.96.136,898
149,Morry,Picott,mpicott44@microsoft.com,Male,6.167.236.184,570
150,Malory,Duesberry,mduesberry45@sciencedirect.com,Female,179.30.59.249,361
151,Mair,Lyfield,mlyfield46@woothemes.com,Female,7.143.111.42,511
152,Silvio,Cuddihy,scuddihy47@wsj.com,Male,176.217.107.232,631
153,Dal,Pittwood,dpittwood48@skyrock.com,Male,196.136.241.50,806
154,Rayna,Le Grys,rlegrys49@freewebs.com,Female,193.118.214.179,808
155,Murry,Levay,mlevay4a@twitpic.com,Male,212.154.163.232,171
156,Melli,Gianettini,mgianettini4b@blogtalkradio.com,Female,234.174.164.61,843
157,Ringo,Delieu,rdelieu4c@bandcamp.com,Male,117.11.122.190,909
158,Udell,Byram,ubyram4d@google.cn,Male,108.16.201.13,821
159,Poul,Buey,pbuey4e@deliciousdays.com,Male,239.10.144.69,65
160,Bertrand,Klehyn,bklehyn4f@pinterest.com,Male,239.36.57.205,978
161,Tedmund,Berthomier,tberthomier4g@photobucket.com,Male,228.249.159.145,970
162,Teador,Breston,tbreston4h@dyndns.org,Male,243.253.21.105,430
163,Orel,Lomb,olomb4i@forbes.com,Female,180.103.218.83,595
164,Isacco,Domelow,idomelow4j@dot.gov,Male,109.139.77.251,756
165,Reiko,De Goey,rdegoey4k@biblegateway.com,Female,122.248.85.246,525
166,Cherilyn,Roast,croast4l@weather.com,Female,207.28.13.84,97
167,Collete,Trill,ctrill4m@mayoclinic.com,Female,222.103.40.63,613
168,Ezequiel,Candie,ecandie4n@disqus.com,Male,96.45.208.114,779
169,Leigh,Leverage,lleverage4o@amazon.de,Male,77.210.204.161,655
170,Che,Greenham,cgreenham4p@ca.gov,Male,169.152.252.216,131
171,Stacie,Reyburn,sreyburn4q@booking.com,Female,127.130.59.176,831
172,Cad,Elham,celham4r@tinypic.com,Male,108.156.197.201,750
173,Kylie,MacArthur,kmacarthur4s@chron.com,Female,151.79.53.128,313
174,Maxie,MacIlwrick,mmacilwrick4t@zdnet.com,Female,225.75.6.135,368
175,Cordie,Rowell,crowell4u@howstuffworks.com,Male,238.229.243.86,724
176,Eziechiele,Britten,ebritten4v@samsung.com,Male,69.187.224.182,159
177,Amos,McMillian,amcmillian4w@oracle.com,Male,87.32.211.230,439
178,Fredric,Ritchard,fritchard4x@nymag.com,Male,104.76.20.243,341
179,Wake,Boraston,wboraston4y@usgs.gov,Male,190.43.128.144,896
180,Randolf,Secretan,rsecretan4z@joomla.org,Male,201.160.204.126,430
181,Jacquie,Chasteney,jchasteney50@answers.com,Female,9.105.12.250,525
182,Susi,MacGebenay,smacgebenay51@answers.com,Female,238.17.95.66,594
183,Albrecht,Hinken,ahinken52@ted.com,Male,66.68.84.217,116
184,Fiorenze,Lennie,flennie53@zimbio.com,Female,167.48.94.47,153
185,Warde,Crosetti,wcrosetti54@symantec.com,Male,240.222.102.133,678
186,Claybourne,Jowett,cjowett55@telegraph.co.uk,Male,249.5.77.239,340
187,Christopher,Augustine,caugustine56@biglobe.ne.jp,Male,222.80.43.18,249
188,Earl,Padgham,epadgham57@webeden.co.uk,Male,36.61.188.136,163
189,Ansel,Quogan,aquogan58@boston.com,Male,142.19.153.250,414
190,Mady,Ferretti,mferretti59@zdnet.com,Female,241.178.164.95,419
191,Berenice,Kinsey,bkinsey5a@reuters.com,Female,141.45.202.212,143
192,Goldy,Kitchaside,gkitchaside5b@webmd.com,Female,170.123.94.99,46
193,Hartley,Harler,hharler5c@washington.edu,Male,59.131.190.229,841
194,Alvis,Clutterham,aclutterham5d@statcounter.com,Male,46.201.225.155,501
195,Alfredo,Peron,aperon5e@360.cn,Male,23.217.101.52,182
196,Marco,Lowden,mlowden5f@bigcartel.com,Male,74.42.244.148,309
197,Malanie,Andrew,mandrew5g@macromedia.com,Female,129.220.134.160,300
198,Vivie,Ockenden,vockenden5h@cbslocal.com,Female,183.130.15.77,100
199,Ruben,Yanyshev,ryanyshev5i@patch.com,Male,43.244.25.39,377
200,Tripp,Spong,tspong5j@bravesites.com,Male,182.40.216.112,77
201,Stacee,Buckett,sbuckett5k@latimes.com,Male,223.38.173.125,530
202,Sibylle,Kubiak,skubiak5l@tinypic.com,Female,137.13.94.110,581
203,Flore,Jakubovicz,fjakubovicz5m@gmpg.org,Female,95.39.8.229,460
204,Sal,Pagin,spagin5n@msn.com,Female,209.155.169.101,725
205,Burch,Tilling,btilling5o@cornell.edu,Male,49.20.115.116,333
206,Ingaberg,Durham,idurham5p@taobao.com,Female,126.225.111.21,574
207,Piper,Volette,pvolette5q@disqus.com,Female,228.13.122.37,622
208,Jeffrey,Penhalewick,jpenhalewick5r@skyrock.com,Male,203.94.19.154,751
209,Paulo,Ceschelli,pceschelli5s@networksolutions.com,Polygender,224.130.17.7,795
210,Sophia,Ciccoloi,sciccoloi5t@flavors.me,Female,154.116.183.250,37
211,Eleanora,L'Episcopi,elepiscopi5u@virginia.edu,Female,39.212.182.234,45
212,Bobinette,Filipov,bfilipov5v@bbb.org,Female,132.126.191.25,96
213,Ursuline,Bernadzki,ubernadzki5w@mozilla.org,Female,171.135.121.139,331
214,Donal,Waddilove,dwaddilove5x@fotki.com,Male,237.217.62.101,64
215,Adrian,Kerner,akerner5y@goodreads.com,Female,144.165.136.72,578
216,Spencer,Southey,ssouthey5z@sitemeter.com,Male,161.190.183.2,568
217,Connie,Straun,cstraun60@hatena.ne.jp,Agender,238.93.110.240,976
218,Kassie,Marriner,kmarriner61@people.com.cn,Female,32.18.111.144,422
219,Prescott,Shere,pshere62@g.co,Male,255.114.31.104,134
220,Brynna,Pina,bpina63@newsvine.com,Female,159.65.182.208,84
221,Manuel,Coda,mcoda64@youku.com,Male,116.246.104.119,191
222,Germaine,Kuhndel,gkuhndel65@home.pl,Male,69.92.97.130,211
223,Hilarius,Crunkhurn,hcrunkhurn66@comsenz.com,Male,140.10.191.197,514
224,Innis,Bonifazio,ibonifazio67@dyndns.org,Male,229.28.42.244,541
225,Kelbee,Conduit,kconduit68@globo.com,Male,86.137.147.55,176
226,Jonie,Kearns,jkearns69@clickbank.net,Female,100.240.15.98,309
227,Meredithe,Grayling,mgrayling6a@sbwire.com,Female,158.51.199.178,642
228,Linet,Pennycock,lpennycock6b@wikimedia.org,Female,234.56.155.165,912
229,Rodi,Beaford,rbeaford6c@oakley.com,Genderfluid,219.102.221.135,470
230,Constancy,Bromage,cbromage6d@indiegogo.com,Female,34.141.32.118,532
231,Greer,Farloe,gfarloe6e@goo.ne.jp,Female,253.125.12.184,250
232,Eugenia,Gillio,egillio6f@google.ru,Female,149.7.28.43,690
233,Lizzie,Hallibone,lhallibone6g@lycos.com,Female,27.109.228.159,126
234,Xavier,Klausen,xklausen6h@mapy.cz,Male,89.11.150.178,52
235,Rodney,Wright,rwright6i@craigslist.org,Male,183.96.250.74,237
236,Pier,Teanby,pteanby6j@jalbum.net,Female,162.202.57.180,768
237,Ketti,Dyneley,kdyneley6k@hatena.ne.jp,Female,40.233.15.7,327
238,Kiri,Janaway,kjanaway6l@1688.com,Female,115.87.241.85,350
239,Jeramie,Bilbee,jbilbee6m@theguardian.com,Male,209.254.185.180,418
240,Shina,Arkell,sarkell6n@marketwatch.com,Female,228.214.251.220,119
241,Fraze,Le Count,flecount6o@google.nl,Male,117.125.228.219,2
242,Winny,Abbes,wabbes6p@clickbank.net,Male,79.138.251.150,759
243,Vikky,Fuller,vfuller6q@github.io,Female,240.80.163.79,650
244,Theresa,Bewick,tbewick6r@cbsnews.com,Female,149.76.177.47,536
245,Justinn,Arthars,jarthars6s@theatlantic.com,Female,213.202.166.185,142
246,Manuel,Merryfield,mmerryfield6t@behance.net,Male,254.109.142.79,524
247,Frederic,Burgan,fburgan6u@last.fm,Male,26.197.182.244,577
248,Scott,Leivesley,sleivesley6v@comcast.net,Male,168.133.106.61,111
249,Brear,Elwin,belwin6w@dell.com,Female,140.254.54.60,873
250,Sherilyn,Eisenberg,seisenberg6x@illinois.edu,Female,196.218.236.226,821
251,Lyman,Dykas,ldykas6y@hud.gov,Male,222.18.115.249,998
252,Zena,Stockford,zstockford6z@examiner.com,Female,8.200.232.28,266
253,Derry,Dobrovsky,ddobrovsky70@meetup.com,Male,229.144.88.93,40
254,Katharine,Dunthorn,kdunthorn71@taobao.com,Female,234.194.241.242,639
255,Ortensia,Bamlett,obamlett72@ameblo.jp,Female,250.53.39.110,937
256,Garald,Haskayne,ghaskayne73@archive.org,Male,96.115.238.157,485
257,Stanley,Callum,scallum74@forbes.com,Male,40.5.14.132,226
258,Hilliary,Huge,hhuge75@github.com,Female,26.200.214.33,329
259,Dianna,Westbrook,dwestbrook76@bloglines.com,Female,89.192.205.97,632
260,Agata,Gorioli,agorioli77@jiathis.com,Female,66.8.194.220,743
261,Tremain,Edgehill,tedgehill78@rakuten.co.jp,Genderqueer,253.218.181.61,745
262,Viviene,Lambell,vlambell79@netscape.com,Female,76.36.189.76,15
263,Kirsti,Rarity,krarity7a@thetimes.co.uk,Female,137.40.211.37,214
264,Anselma,Rockhall,arockhall7b@soup.io,Polygender,110.83.74.171,794
265,Isaac,McGaughey,imcgaughey7c@baidu.com,Male,130.215.88.215,156
266,Peirce,Neale,pneale7d@devhub.com,Male,124.131.224.193,249
267,Meredithe,Southwell,msouthwell7e@flavors.me,Female,244.220.248.161,857
268,Melisandra,Clearie,mclearie7f@naver.com,Female,254.230.221.25,987
269,Meir,Beumant,mbeumant7g@delicious.com,Genderfluid,228.61.147.131,923
270,Tyne,Ingley,tingley7h@craigslist.org,Female,243.82.176.154,379
271,Lilly,Leete,lleete7i@geocities.com,Female,226.199.82.44,801
272,Beltran,Aylesbury,baylesbury7j@google.nl,Male,110.130.207.220,223
273,Andi,Diviney,adiviney7k@mozilla.com,Female,211.45.130.206,947
274,Loren,Flips,lflips7l@slate.com,Agender,43.18.218.81,234
275,Mireille,Ivanishev,mivanishev7m@symantec.com,Female,143.217.163.158,564
276,Caresa,O'Bradane,cobradane7n@nymag.com,Female,95.220.65.22,155
277,Laverne,Robardey,lrobardey7o@ibm.com,Female,177.6.222.13,485
278,Marven,Creane,mcreane7p@instagram.com,Male,42.121.26.18,115
279,Evangelia,Swetenham,eswetenham7q@storify.com,Female,96.157.197.19,144
280,Jarrad,MacKintosh,jmackintosh7r@accuweather.com,Male,75.123.234.177,944
281,Barret,Lumley,blumley7s@hao123.com,Male,154.126.198.8,472
282,Rudolph,Iacoboni,riacoboni7t@earthlink.net,Male,115.37.79.199,291
283,Clea,Tomkins,ctomkins7u@netvibes.com,Female,188.52.211.78,386
284,Hanan,Radeliffe,hradeliffe7v@arstechnica.com,Male,77.88.125.246,106
285,Sandy,Lusher,slusher7w@example.com,Male,60.194.245.194,850
286,Sheela,Curzey,scurzey7x@gmpg.org,Female,240.193.158.148,699
287,Alla,Burmingham,aburmingham7y@godaddy.com,Female,106.151.123.170,45
288,Kerry,Cheetam,kcheetam7z@gizmodo.com,Female,44.72.102.170,263
289,Alexio,Izard,aizard80@ifeng.com,Male,96.166.173.150,267
290,Donnie,Mc Queen,dmcqueen81@hibu.com,Male,182.78.91.55,708
291,Giacopo,Skate,gskate82@constantcontact.com,Male,48.186.235.79,523
292,Trace,Tuvey,ttuvey83@twitter.com,Male,239.227.216.33,456
293,Vivien,Spurr,vspurr84@unc.edu,Female,217.93.198.118,924
294,Irwin,Varndell,ivarndell85@oaic.gov.au,Male,53.56.245.224,75
295,Norby,Wandrich,nwandrich86@independent.co.uk,Male,9.26.137.171,926
296,Revkah,Beecker,rbeecker87@scientificamerican.com,Female,158.2.181.240,72
297,Killian,McLewd,kmclewd88@taobao.com,Non-binary,55.136.116.122,693
298,Alastair,Courteney,acourteney89@cornell.edu,Male,229.49.247.138,476
299,Elisabet,Geertz,egeertz8a@dagondesign.com,Female,68.66.129.181,623
300,Aurelea,Alison,aalison8b@twitpic.com,Female,76.163.130.254,629
301,Miles,Cescoti,mcescoti8c@wired.com,Genderfluid,224.237.109.111,17
302,Cherie,Dalgarnocht,cdalgarnocht8d@who.int,Female,18.75.94.146,73
303,Michaella,Lorincz,mlorincz8e@flavors.me,Female,69.126.85.135,783
304,Gerry,Fri,gfri8f@ocn.ne.jp,Male,223.103.17.81,48
305,Winne,Elcoate,welcoate8g@statcounter.com,Female,94.52.131.60,660
306,Reid,Catterill,rcatterill8h@youtu.be,Male,111.16.196.102,636
307,Salome,Deeprose,sdeeprose8i@netlog.com,Female,146.152.194.142,933
308,Jenifer,Vakhrushev,jvakhrushev8j@ihg.com,Female,143.226.220.206,736
309,Batholomew,Aldersey,baldersey8k@cocolog-nifty.com,Non-binary,67.155.56.179,261
310,Celene,Ringer,cringer8l@opera.com,Female,115.220.76.168,225
311,Roderigo,Pechan,rpechan8m@upenn.edu,Male,192.251.139.228,730
312,Decca,Edward,dedward8n@myspace.com,Male,203.5.225.80,228
313,Thurstan,Mertgen,tmertgen8o@reverbnation.com,Male,84.252.180.59,372
314,Bessy,Shimmans,bshimmans8p@github.com,Female,142.8.106.196,921
315,Arch,Offen,aoffen8q@dagondesign.com,Male,7.77.6.118,312
316,Willie,Hansman,whansman8r@ning.com,Male,194.145.197.49,145
317,Kirbee,Claricoates,kclaricoates8s@ask.com,Female,61.171.155.46,663
318,Kim,Godier,kgodier8t@pbs.org,Female,91.247.135.231,849
319,Ulrikaumeko,Hayesman,uhayesman8u@goo.gl,Female,55.221.14.129,440
320,Dolorita,Mitchley,dmitchley8v@salon.com,Female,136.22.159.249,688
321,Alonso,Shaylor,ashaylor8w@blogtalkradio.com,Male,204.117.247.143,354
322,Morena,Skingle,mskingle8x@dot.gov,Female,194.181.232.51,298
323,Sergent,Andri,sandri8y@networksolutions.com,Male,68.204.72.62,165
324,Curran,Baylis,cbaylis8z@state.tx.us,Male,47.142.108.183,951
325,Kent,Halston,khalston90@vinaora.com,Male,77.0.16.10,408
326,Beau,Tomblin,btomblin91@shop-pro.jp,Male,161.202.185.78,941
327,Wallis,Spacey,wspacey92@myspace.com,Female,112.20.65.164,591
328,Harv,Ramplee,hramplee93@google.co.jp,Male,60.121.101.19,591
329,Marion,Snowling,msnowling94@live.com,Female,218.127.213.75,184
330,Karry,Arrundale,karrundale95@bloglines.com,Female,162.77.29.61,559
331,Leora,Highway,lhighway96@spiegel.de,Female,149.222.86.133,285
332,Shepperd,McSperrin,smcsperrin97@cisco.com,Male,40.125.181.160,487
333,Monty,Howarth,mhowarth98@pen.io,Male,191.44.80.147,802
334,Timothy,Lilleyman,tlilleyman99@cnbc.com,Male,214.82.142.88,65
335,Birk,Delany,bdelany9a@posterous.com,Male,129.4.74.244,145
336,Dody,Swanne,dswanne9b@bloglovin.com,Female,119.17.234.155,190
337,Bella,Pendlebery,bpendlebery9c@springer.com,Female,71.190.185.208,919
338,Aymer,Crippell,acrippell9d@ning.com,Male,99.203.119.79,534
339,Marcille,Haggeth,mhaggeth9e@wsj.com,Female,221.125.58.25,232
340,Derick,Tibbles,dtibbles9f@spotify.com,Male,205.3.37.22,204
341,Flossi,Bohlje,fbohlje9g@ning.com,Female,53.208.202.231,893
342,Oneida,Barnby,obarnby9h@lycos.com,Female,233.222.179.235,195
343,Zacherie,Rantoull,zrantoull9i@dagondesign.com,Male,116.67.176.229,466
344,Noll,Alcide,nalcide9j@so-net.ne.jp,Male,72.157.154.225,301
345,Leone,Kike,lkike9k@psu.edu,Female,193.165.137.47,391
346,Chrisse,Czajkowski,cczajkowski9l@cloudflare.com,Non-binary,167.35.251.211,189
347,Gradeigh,Collinge,gcollinge9m@phpbb.com,Male,215.174.155.131,105
348,Julietta,Cream,jcream9n@shareasale.com,Non-binary,200.247.1.25,490
349,Wyatt,Dunton,wdunton9o@nydailynews.com,Male,81.26.149.197,974
350,Lynn,Mynett,lmynett9p@mac.com,Male,201.49.31.189,484
351,Rodolphe,Ashby,rashby9q@comcast.net,Male,32.198.196.138,124
352,Johann,Langelay,jlangelay9r@cam.ac.uk,Male,86.132.54.66,232
353,Drusilla,Dignan,ddignan9s@exblog.jp,Female,142.154.19.55,16
354,Cariotta,Whitefoot,cwhitefoot9t@craigslist.org,Female,125.139.186.194,691
355,Haslett,Wigan,hwigan9u@wix.com,Genderfluid,237.105.6.18,27
356,Bentlee,Beggan,bbeggan9v@mlb.com,Polygender,57.67.179.166,682
357,Jase,Stephens,jstephens9w@ebay.co.uk,Male,161.105.88.155,995
358,Lurlene,Daughtrey,ldaughtrey9x@netvibes.com,Female,44.103.176.35,435
359,Filia,Imason,fimason9y@wikipedia.org,Genderqueer,191.220.227.229,433
360,Upton,Creffeild,ucreffeild9z@miibeian.gov.cn,Male,107.31.155.144,482
361,Freeland,Casbourne,fcasbournea0@chron.com,Male,7.137.242.12,873
362,Hale,Trusler,htruslera1@jiathis.com,Male,172.165.191.89,649
363,Karly,Davidman,kdavidmana2@wordpress.com,Female,204.180.79.145,291
364,Trixie,MacMearty,tmacmeartya3@wix.com,Female,137.7.186.28,703
365,Hersh,Prosek,hproseka4@dyndns.org,Male,154.40.157.201,450
366,Lon,Bergeau,lbergeaua5@sitemeter.com,Male,49.0.192.230,51
367,Yank,Nuttall,ynuttalla6@com.com,Male,113.186.16.137,766
368,Madlin,Karlowicz,mkarlowicza7@istockphoto.com,Female,22.160.77.158,252
369,Joelle,Leitch,jleitcha8@psu.edu,Female,201.80.253.118,981
370,Shelia,Gregor,sgregora9@usnews.com,Female,204.132.204.212,352
371,Adelind,Bellerby,abellerbyaa@freewebs.com,Female,254.34.48.101,172
372,Tildi,Whitehurst,twhitehurstab@psu.edu,Female,164.77.56.171,709
373,Ingelbert,Andrault,iandraultac@npr.org,Male,160.124.58.185,197
374,Tod,Izac,tizacad@earthlink.net,Male,88.14.238.164,320
375,Raynor,Paolillo,rpaolilloae@wired.com,Male,243.168.227.83,356
376,Natalee,Djokic,ndjokicaf@github.com,Female,168.37.240.35,999
377,Carolin,Gosford,cgosfordag@boston.com,Female,172.27.195.113,319
378,Christie,Sammars,csammarsah@yelp.com,Male,122.33.145.143,819
379,Deb,Cranny,dcrannyai@ycombinator.com,Female,23.61.47.82,376
380,Richart,Dana,rdanaaj@1688.com,Male,165.220.7.144,434
381,Ediva,Howell,ehowellak@over-blog.com,Female,171.83.43.125,324
382,Alanah,Sybbe,asybbeal@cdbaby.com,Genderqueer,88.224.19.128,515
383,Tarrah,Aleksandrev,taleksandrevam@kickstarter.com,Female,10.226.79.254,212
384,Lanny,Huntly,lhuntlyan@cyberchimps.com,Male,7.37.39.104,602
385,Dede,Marryatt,dmarryattao@rakuten.co.jp,Female,42.115.40.34,191
386,Bancroft,Dinsey,bdinseyap@discuz.net,Male,218.92.178.102,242
387,Debi,Philipp,dphilippaq@godaddy.com,Female,153.71.77.48,211
388,Odelinda,Drewe,odrewear@java.com,Female,207.38.202.15,869
389,Obidiah,Inott,oinottas@elegantthemes.com,Polygender,59.64.230.191,426
390,Gunilla,Sullens,gsullensat@bigcartel.com,Non-binary,76.202.27.91,311
391,Kristopher,Matusov,kmatusovau@uol.com.br,Male,246.106.59.107,590
392,Finlay,Giannazzo,fgiannazzoav@indiatimes.com,Male,243.149.23.50,778
393,Fraze,Mitro,fmitroaw@posterous.com,Male,248.169.85.44,18
394,Dallis,Marnane,dmarnaneax@mail.ru,Male,114.57.91.22,823
395,Farr,Wevell,fwevellay@tumblr.com,Male,202.60.146.221,746
396,Josiah,Hanselman,jhanselmanaz@icq.com,Male,123.166.8.120,691
397,Allis,Bottle,abottleb0@dion.ne.jp,Female,83.207.61.22,767
398,Lorry,Vellender,lvellenderb1@github.com,Male,139.151.45.92,977
399,Hendrik,Watkin,hwatkinb2@cafepress.com,Male,169.36.19.182,561
400,Carolyne,Fissenden,cfissendenb3@youtube.com,Female,119.187.13.92,518
401,Keene,Moretto,kmorettob4@livejournal.com,Male,22.200.251.109,641
402,Reggie,Haycroft,rhaycroftb5@pen.io,Male,120.141.117.17,280
403,Neda,Crossby,ncrossbyb6@cloudflare.com,Female,137.180.217.144,710
404,Teddie,Gosden,tgosdenb7@hc360.com,Male,103.33.8.114,770
405,Danyelle,Matschek,dmatschekb8@usda.gov,Agender,204.13.40.121,64
406,Dianna,Feldman,dfeldmanb9@hatena.ne.jp,Female,166.50.107.132,421
407,Elna,Stirland,estirlandba@smugmug.com,Female,40.147.41.97,284
408,Ashia,Rain,arainbb@unblog.fr,Agender,211.155.114.148,916
409,Wald,Baudy,wbaudybc@geocities.com,Male,211.27.148.101,991
410,Jo ann,Aujean,jaujeanbd@earthlink.net,Female,9.190.77.197,603
411,Marti,Tudgay,mtudgaybe@elpais.com,Female,157.238.122.146,760
412,Maurits,Muxworthy,mmuxworthybf@behance.net,Male,170.251.198.244,459
413,Wallache,Dyche,wdychebg@ow.ly,Male,221.184.21.201,771
414,Collie,Lillegard,clillegardbh@hhs.gov,Female,152.98.255.216,820
415,Danny,Llop,dllopbi@psu.edu,Male,205.197.240.33,542
416,Garnette,Antoniewski,gantoniewskibj@webmd.com,Female,139.78.56.31,832
417,Vickie,Kedwell,vkedwellbk@nationalgeographic.com,Female,116.216.173.194,220
418,Giralda,Fawloe,gfawloebl@webs.com,Female,41.135.194.189,493
419,Carlie,Genner,cgennerbm@ehow.com,Female,123.241.62.51,772
420,Fredek,Biddle,fbiddlebn@hao123.com,Male,230.89.255.214,818
421,Emmott,Crawshay,ecrawshaybo@msn.com,Male,237.231.83.46,505
422,Quint,Morsley,qmorsleybp@myspace.com,Male,28.25.94.249,842
423,Dorise,Ghelardi,dghelardibq@theguardian.com,Female,103.203.148.65,996
424,Abbott,Tims,atimsbr@tuttocitta.it,Male,215.231.155.162,774
425,Rolando,Beal,rbealbs@blinklist.com,Male,156.105.119.220,122
426,Kynthia,Bestar,kbestarbt@reuters.com,Female,197.159.175.229,572
427,Delbert,Molfino,dmolfinobu@scientificamerican.com,Male,22.201.149.63,380
428,Edita,Bryett,ebryettbv@bing.com,Female,7.155.99.241,38
429,Dallas,Hadye,dhadyebw@slate.com,Male,144.56.249.87,254
430,Mollee,Kintzel,mkintzelbx@adobe.com,Female,52.227.173.60,761
431,Salvidor,Mordey,smordeyby@webs.com,Male,172.138.138.104,825
432,Halie,Whitington,hwhitingtonbz@liveinternet.ru,Female,190.33.60.216,106
433,Kimmie,Dartnell,kdartnellc0@shareasale.com,Female,228.199.211.214,475
434,Vivi,Szach,vszachc1@so-net.ne.jp,Female,203.238.94.29,708
435,Hebert,Ringsell,hringsellc2@posterous.com,Genderqueer,240.114.55.29,387
436,Susie,Blasdale,sblasdalec3@free.fr,Female,28.202.28.30,131
437,Simmonds,Duigenan,sduigenanc4@aboutads.info,Male,211.196.212.154,462
438,Rachel,Lipscombe,rlipscombec5@de.vu,Female,94.153.198.79,276
439,Schuyler,Trangmar,strangmarc6@furl.net,Male,22.162.216.199,404
440,Jose,Griswaite,jgriswaitec7@shutterfly.com,Male,164.174.152.44,284
441,Augusto,Dalgetty,adalgettyc8@photobucket.com,Male,151.190.185.41,505
442,Garold,Purchall,gpurchallc9@theguardian.com,Male,245.209.59.247,514
443,Llywellyn,Parsell,lparsellca@google.pl,Male,10.162.238.250,679
444,Vassili,Covelle,vcovellecb@smugmug.com,Male,229.150.92.30,592
445,Aurie,Bartholomew,abartholomewcc@biblegateway.com,Female,72.244.40.194,487
446,Cristionna,Buckle,cbucklecd@cmu.edu,Female,54.20.251.44,729
447,Gianina,Aslott,gaslottce@ustream.tv,Female,145.10.139.47,395
448,Davey,Blackbourn,dblackbourncf@chronoengine.com,Male,218.124.136.52,743
449,Mair,Morgan,mmorgancg@house.gov,Female,70.222.124.250,928
450,Iona,Corsar,icorsarch@ucoz.ru,Female,23.179.219.55,835
451,Tiffanie,Moggie,tmoggieci@phoca.cz,Female,30.230.136.78,363
452,Lula,Sheilds,lsheildscj@answers.com,Female,133.93.168.209,834
453,Conn,Bourdice,cbourdiceck@youtube.com,Male,214.230.120.240,827
454,Pennie,McTerry,pmcterrycl@youtube.com,Male,173.138.55.26,35
455,Von,Chaplain,vchaplaincm@behance.net,Male,182.239.54.94,351
456,Bat,Pea,bpeacn@ibm.com,Male,19.129.248.99,457
457,Francesca,McIlrath,fmcilrathco@ucla.edu,Female,201.42.119.80,452
458,Francesco,Tows,ftowscp@sakura.ne.jp,Male,191.87.201.130,693
459,Elvis,Moen,emoencq@huffingtonpost.com,Male,170.184.88.52,351
460,Retha,Gabbatiss,rgabbatisscr@icq.com,Female,73.19.161.107,102
461,Moishe,Elijah,melijahcs@samsung.com,Male,212.107.182.107,919
462,Matthiew,Hold,mholdct@sitemeter.com,Male,1.234.94.6,468
463,Cherianne,Fellowes,cfellowescu@google.co.uk,Female,232.68.119.48,6
464,Hanna,Dumbleton,hdumbletoncv@sciencedaily.com,Non-binary,53.90.139.163,628
465,Quentin,Hedaux,qhedauxcw@surveymonkey.com,Male,23.240.2.73,230
466,Emlynn,Garside,egarsidecx@sogou.com,Female,41.111.170.119,620
467,Valentine,Berick,vberickcy@wsj.com,Male,197.149.102.180,929
468,Steward,Uvedale,suvedalecz@admin.ch,Male,105.161.41.139,346
469,Rollins,Chiommienti,rchiommientid0@upenn.edu,Male,65.169.66.100,344
470,Carrissa,Ebdon,cebdond1@springer.com,Female,151.188.115.157,319
471,Devlin,McLanaghan,dmclanaghand2@twitter.com,Male,25.45.65.91,605
472,Briant,McFarland,bmcfarlandd3@samsung.com,Male,83.46.118.53,625
473,Millisent,Corns,mcornsd4@slideshare.net,Female,254.48.193.181,250
474,Gianni,Moggie,gmoggied5@github.io,Male,118.98.171.183,535
475,Urson,Scarlett,uscarlettd6@bigcartel.com,Male,40.122.180.243,447
476,Gardner,Kittman,gkittmand7@cargocollective.com,Male,142.84.230.100,974
477,Mellicent,Potticary,mpotticaryd8@diigo.com,Female,108.198.37.202,323
478,Suellen,Filoniere,sfiloniered9@ucsd.edu,Female,209.226.84.69,377
479,Burnard,O'Glessane,boglessaneda@microsoft.com,Male,71.54.91.246,125
480,Kaylil,Hecks,khecksdb@omniture.com,Agender,247.159.221.39,987
481,Dacy,Hagger,dhaggerdc@sohu.com,Female,246.132.161.39,938
482,Jacques,Longina,jlonginadd@icq.com,Male,146.44.154.199,981
483,Leandra,Blunkett,lblunkettde@tripod.com,Non-binary,187.244.176.101,82
484,Joscelin,Vondrasek,jvondrasekdf@sun.com,Female,126.225.5.125,784
485,Marje,Glanville,mglanvilledg@surveymonkey.com,Female,181.183.231.69,858
486,Oralla,Auchinleck,oauchinleckdh@howstuffworks.com,Female,150.202.56.7,405
487,Glenn,Simonian,gsimoniandi@ihg.com,Male,68.178.254.113,479
488,Lyndell,Lambeth,llambethdj@spiegel.de,Female,225.28.244.116,318
489,Duane,Downe,ddownedk@photobucket.com,Male,90.215.143.173,169
490,Sydel,Pott,spottdl@bloomberg.com,Female,219.204.50.249,345
491,Lexis,Frankham,lfrankhamdm@vkontakte.ru,Female,180.229.205.66,851
492,Caro,Gentzsch,cgentzschdn@sakura.ne.jp,Female,200.185.100.175,106
493,Dominga,Khan,dkhando@topsy.com,Agender,1.100.1.26,92
494,Yardley,Juanes,yjuanesdp@seesaa.net,Male,135.170.100.217,227
495,Oralia,O Sullivan,oosullivandq@loc.gov,Female,46.75.98.114,564
496,Rene,Neill,rneilldr@cargocollective.com,Male,36.106.196.125,804
497,Michal,Soal,msoalds@google.fr,Female,103.208.36.70,991
498,Nessie,Harbison,nharbisondt@apple.com,Female,4.237.108.231,581
499,Norbie,Gail,ngaildu@independent.co.uk,Male,86.126.37.174,931
500,Kaitlyn,Andrusov,kandrusovdv@tamu.edu,Female,170.81.236.189,73
501,Brad,McGillecole,bmcgillecoledw@mozilla.org,Male,130.252.246.195,358
502,Hilary,Jeayes,hjeayesdx@fc2.com,Male,147.220.253.199,977
503,Stanwood,Bog,sbogdy@google.pl,Male,140.44.198.233,136
504,Wallache,Rimell,wrimelldz@dagondesign.com,Male,194.88.183.236,574
505,Viole,Shovelbottom,vshovelbottome0@youku.com,Female,90.181.84.190,685
506,Britni,Screach,bscreache1@paypal.com,Non-binary,66.8.179.103,706
507,Monique,Iacovuzzi,miacovuzzie2@privacy.gov.au,Female,48.225.235.20,868
508,Bobbette,Johnstone,bjohnstonee3@1688.com,Female,170.179.165.12,283
509,Purcell,Abethell,pabethelle4@ucoz.com,Male,190.91.39.25,950
510,Susanna,Sandeson,ssandesone5@trellian.com,Female,19.7.19.80,699
511,Ab,Habbershon,ahabbershone6@ibm.com,Male,140.40.175.4,429
512,Andrea,Sprigging,asprigginge7@noaa.gov,Male,234.215.25.243,310
513,Tallulah,Monteith,tmonteithe8@ft.com,Female,87.179.157.238,149
514,Yard,Stanyforth,ystanyforthe9@adobe.com,Male,49.73.158.82,748
515,Pail,Amis,pamisea@webs.com,Male,108.90.4.90,453
516,Clemmie,Hanselmann,chanselmanneb@themeforest.net,Female,146.128.185.38,477
517,Alberta,Mathivat,amathivatec@vistaprint.com,Female,14.153.34.235,819
518,Dore,McKelloch,dmckelloched@over-blog.com,Male,194.173.146.31,187
519,Sallee,Hateley,shateleyee@prlog.org,Female,71.143.168.139,467
520,Jourdan,Ballantine,jballantineef@statcounter.com,Female,121.203.169.0,570
521,Bartholomeo,Huntall,bhuntalleg@dell.com,Male,2.117.157.85,809
522,Patricia,Suero,psueroeh@dyndns.org,Female,19.106.16.189,168
523,Elmer,Nudde,enuddeei@sogou.com,Male,232.204.0.192,734
524,Lindsey,Glidder,lglidderej@amazon.com,Female,44.250.198.198,590
525,Althea,Middlemist,amiddlemistek@nifty.com,Female,82.193.219.100,350
526,Roderigo,Morecombe,rmorecombeel@howstuffworks.com,Male,32.23.109.114,848
527,Andres,Gooley,agooleyem@craigslist.org,Male,93.28.136.62,60
528,Gerri,Lyon,glyonen@sfgate.com,Male,56.251.211.24,293
529,Tiebold,Hannibal,thannibaleo@biblegateway.com,Male,26.224.250.181,301
530,Krista,Stockman,kstockmanep@ft.com,Female,93.37.239.208,759
531,Celle,Stellman,cstellmaneq@apple.com,Female,34.176.9.139,452
532,Efrem,Bousquet,ebousqueter@reuters.com,Male,76.84.17.173,718
533,Thorndike,Scouse,tscousees@latimes.com,Male,166.251.11.16,904
534,Sutton,Dawley,sdawleyet@sciencedaily.com,Male,141.102.254.223,740
535,Von,Gadson,vgadsoneu@prweb.com,Male,19.111.91.13,353
536,Kennith,Ewbanks,kewbanksev@newyorker.com,Male,237.66.179.167,933
537,Tammie,Nutman,tnutmanew@nifty.com,Bigender,11.248.42.132,415
538,Zeb,Croose,zcrooseex@google.com,Male,221.43.54.79,26
539,Findlay,Sirmond,fsirmondey@geocities.jp,Male,24.107.66.47,539
540,Gretta,Hesse,ghesseez@yelp.com,Female,52.44.90.44,600
541,Randy,Westlake,rwestlakef0@imageshack.us,Male,153.168.18.26,78
542,Arleen,Grant,agrantf1@topsy.com,Female,29.100.210.123,420
543,Lauren,Senecaut,lsenecautf2@networkadvertising.org,Male,88.88.254.172,698
544,Alan,Corbishley,acorbishleyf3@illinois.edu,Male,65.26.3.117,118
545,Savina,Samwell,ssamwellf4@earthlink.net,Female,82.208.102.21,358
546,Woodman,Duplan,wduplanf5@epa.gov,Agender,29.254.14.230,550
547,Valaree,Lunck,vlunckf6@icio.us,Female,242.99.42.212,328
548,Michale,Cawkill,mcawkillf7@japanpost.jp,Male,100.100.80.73,820
549,Kyla,Jeness,kjenessf8@seesaa.net,Female,16.217.78.251,543
550,Agustin,Durrance,adurrancef9@wisc.edu,Polygender,48.223.9.23,599
551,Cyrille,Gianiello,cgianiellofa@exblog.jp,Bigender,40.41.233.201,385
552,Vladamir,Dunstan,vdunstanfb@chronoengine.com,Male,100.244.33.177,594
553,Alf,Norvel,anorvelfc@ted.com,Male,55.112.225.199,863
554,Marje,Seaking,mseakingfd@alexa.com,Female,104.52.204.255,915
555,Abramo,Smalecombe,asmalecombefe@merriam-webster.com,Male,181.121.3.71,147
556,Rana,Headey,rheadeyff@sphinn.com,Female,84.138.245.152,552
557,Thekla,Greggs,tgreggsfg@wikipedia.org,Female,196.197.56.58,464
558,Jolynn,Macrae,jmacraefh@ebay.com,Female,226.17.148.79,418
559,Caryl,Sussams,csussamsfi@vk.com,Genderfluid,89.95.161.60,701
560,Corrianne,Goodrick,cgoodrickfj@shinystat.com,Female,134.177.78.208,323
561,Lewiss,Ebdon,lebdonfk@digg.com,Male,243.255.14.2,604
562,Lucia,Aitkenhead,laitkenheadfl@hp.com,Female,129.7.184.196,602
563,Demetris,Stanesby,dstanesbyfm@bing.com,Male,254.177.252.130,989
564,Katrinka,Fattorini,kfattorinifn@hhs.gov,Female,46.174.214.146,416
565,Lemuel,Rutherfoord,lrutherfoordfo@java.com,Male,85.206.235.230,156
566,Jocko,Josupeit,jjosupeitfp@stumbleupon.com,Male,128.46.37.208,301
567,Gregorius,Gorvette,ggorvettefq@skyrock.com,Male,84.79.167.54,682
568,Calli,Kiellor,ckiellorfr@ifeng.com,Female,35.156.130.18,772
569,Jodi,Dibben,jdibbenfs@friendfeed.com,Male,69.40.95.166,929
570,Virge,Lemonby,vlemonbyft@imgur.com,Male,131.37.19.105,776
571,Ardelis,Gallyon,agallyonfu@free.fr,Bigender,254.141.107.51,809
572,Teddie,Liddon,tliddonfv@t.co,Male,157.72.82.191,949
573,Dynah,Randal,drandalfw@amazon.de,Female,147.74.82.46,761
574,Emmet,Sorey,esoreyfx@wikispaces.com,Male,115.235.101.114,884
575,Reamonn,Radage,rradagefy@earthlink.net,Male,232.105.193.170,374
576,Rubie,Goshawke,rgoshawkefz@china.com.cn,Female,171.127.148.167,662
577,Sophi,Campo,scampog0@miibeian.gov.cn,Female,72.163.79.80,470
578,Trix,Saltrese,tsaltreseg1@uol.com.br,Female,172.156.18.40,392
579,Alia,Brackpool,abrackpoolg2@theguardian.com,Polygender,14.73.159.217,357
580,Francesca,Kidgell,fkidgellg3@ustream.tv,Bigender,49.144.206.7,10
581,Kayla,Vidyapin,kvidyaping4@blogspot.com,Female,67.143.233.214,842
582,Della,Vivash,dvivashg5@sourceforge.net,Agender,5.74.158.38,483
583,Hurley,Stillwell,hstillwellg6@craigslist.org,Male,142.88.111.121,294
584,Myrna,Batrim,mbatrimg7@theatlantic.com,Female,237.76.78.4,281
585,Hazel,Ellar,hellarg8@free.fr,Male,250.98.71.28,34
586,Gannon,Burchett,gburchettg9@furl.net,Male,202.9.203.33,906
587,Rickert,Sisland,rsislandga@shinystat.com,Male,84.179.110.33,547
588,Ansley,Adamczyk,aadamczykgb@howstuffworks.com,Female,69.100.170.33,75
589,Marigold,Cooper,mcoopergc@squidoo.com,Female,209.55.75.235,189
590,Gustavo,Kerfod,gkerfodgd@webeden.co.uk,Male,106.29.23.250,554
591,Ailee,Beverstock,abeverstockge@sogou.com,Female,102.87.232.219,706
592,Garwin,Mellon,gmellongf@nifty.com,Male,228.20.249.84,737
593,Mile,Prall,mprallgg@cafepress.com,Male,190.13.185.85,907
594,Marlin,Kynder,mkyndergh@wordpress.org,Male,168.180.177.182,366
595,Monica,Corben,mcorbengi@cpanel.net,Female,130.187.58.66,954
596,Claire,Gerraty,cgerratygj@oracle.com,Male,190.174.206.208,263
597,Brietta,Dallin,bdallingk@theglobeandmail.com,Female,95.236.88.196,736
598,Anthea,Mablestone,amablestonegl@japanpost.jp,Bigender,27.0.173.93,852
599,Fawn,Gillford,fgillfordgm@ask.com,Female,166.30.118.67,237
600,Mariette,Smithe,msmithegn@tuttocitta.it,Genderqueer,164.32.154.142,167
601,Datha,Phelipeau,dphelipeaugo@nymag.com,Female,165.91.61.254,344
602,Paulie,Hellis,phellisgp@reverbnation.com,Female,30.21.86.133,89
603,Ray,Wyllie,rwylliegq@sakura.ne.jp,Male,139.96.111.90,732
604,Merrie,Tatchell,mtatchellgr@t-online.de,Female,215.219.114.142,697
605,Flynn,Shafier,fshafiergs@dailymotion.com,Male,20.81.124.56,73
606,Parsifal,Ruston,prustongt@wisc.edu,Male,253.28.120.66,869
607,Robbie,O'Dea,rodeagu@gmpg.org,Female,21.242.15.208,674
608,Amity,Sames,asamesgv@sina.com.cn,Female,103.0.189.244,744
609,Ange,Indgs,aindgsgw@cam.ac.uk,Female,152.240.84.132,47
610,Mayor,Sargood,msargoodgx@clickbank.net,Polygender,146.124.62.32,439
611,Hillier,Daingerfield,hdaingerfieldgy@discuz.net,Male,45.109.170.16,577
612,Kenneth,Crum,kcrumgz@illinois.edu,Male,30.120.190.251,174
613,Katrine,Hillan,khillanh0@sphinn.com,Female,250.204.6.212,549
614,Kiersten,Osburn,kosburnh1@wikipedia.org,Female,139.109.167.79,447
615,Stefano,Bosward,sboswardh2@amazon.com,Male,125.250.77.0,211
616,Ronald,Habble,rhabbleh3@bravesites.com,Male,74.168.236.42,673
617,Gerald,Pettersen,gpettersenh4@dion.ne.jp,Male,146.196.244.163,979
618,Jesselyn,Siggens,jsiggensh5@tinyurl.com,Female,241.208.12.87,396
619,Harlan,Blainey,hblaineyh6@blinklist.com,Male,33.224.241.251,330
620,Corbett,Baptie,cbaptieh7@nationalgeographic.com,Male,168.0.74.219,987
621,Rickert,Veldstra,rveldstrah8@ning.com,Male,6.196.255.31,290
622,Grant,Trighton,gtrightonh9@icq.com,Agender,176.235.203.21,438
623,Dukie,Mersh,dmershha@1und1.de,Male,140.127.152.56,157
624,Fairleigh,Girsch,fgirschhb@washington.edu,Male,189.26.233.53,241
625,Berton,Borchardt,bborchardthc@qq.com,Male,21.164.87.190,136
626,Lu,Greig,lgreighd@google.ca,Female,233.181.93.147,997
627,Aurthur,Goldes,agoldeshe@buzzfeed.com,Male,38.199.143.176,379
628,Mattias,Szymonowicz,mszymonowiczhf@scientificamerican.com,Male,227.237.195.6,485
629,Brion,Richardes,brichardeshg@spiegel.de,Male,152.220.133.9,47
630,Leshia,Giraudel,lgiraudelhh@auda.org.au,Female,62.222.217.135,826
631,Dory,Prangley,dprangleyhi@disqus.com,Male,162.120.4.64,49
632,Valaree,Ivons,vivonshj@ucoz.ru,Female,170.251.112.160,400
633,Fredelia,MacCheyne,fmaccheynehk@seesaa.net,Female,12.127.11.114,437
634,Noelani,Senyard,nsenyardhl@alibaba.com,Female,14.167.199.127,886
635,Edik,Paten,epatenhm@canalblog.com,Male,229.159.223.62,43
636,Caterina,Eccles,ceccleshn@pcworld.com,Female,219.162.20.145,985
637,Frederigo,Collop,fcollopho@seesaa.net,Male,89.138.242.237,18
638,Isidoro,Wilshere,iwilsherehp@alibaba.com,Male,233.44.234.237,608
639,Kirk,Skim,kskimhq@rambler.ru,Male,58.163.219.250,458
640,Carlin,Leroux,clerouxhr@fastcompany.com,Female,70.116.75.56,333
641,Elwira,Biasetti,ebiasettihs@free.fr,Female,35.63.24.206,770
642,Gabie,Gemelli,ggemelliht@telegraph.co.uk,Female,49.177.43.106,154
643,Trenton,Ellicock,tellicockhu@facebook.com,Male,46.41.165.1,531
644,Sarina,Ditzel,sditzelhv@forbes.com,Female,225.37.186.97,357
645,Rozele,Drejer,rdrejerhw@purevolume.com,Female,170.132.30.44,657
646,Chrisse,Danilowicz,cdanilowiczhx@yandex.ru,Male,230.87.57.37,782
647,Beverley,Winscomb,bwinscombhy@stumbleupon.com,Female,91.212.144.46,519
648,Lothario,Ochterlonie,lochterloniehz@amazon.com,Genderqueer,9.90.140.115,751
649,Currie,Esilmon,cesilmoni0@house.gov,Male,166.166.143.13,773
650,Ethelind,Pllu,epllui1@ycombinator.com,Agender,4.124.80.235,98
651,Clint,Dalrymple,cdalrymplei2@ycombinator.com,Male,144.20.42.78,154
652,Anatollo,McCaw,amccawi3@edublogs.org,Male,29.172.252.223,709
653,Holmes,Haugh,hhaughi4@comsenz.com,Male,102.5.136.111,536
654,Humfried,Mauger,hmaugeri5@tinyurl.com,Male,132.245.146.5,376
655,Philippe,Morgan,pmorgani6@icq.com,Female,33.69.233.142,163
656,Diandra,Rothschild,drothschildi7@bbc.co.uk,Female,45.13.240.112,854
657,Barnard,Pettigrew,bpettigrewi8@lycos.com,Male,36.26.225.156,955
658,Ber,Pincott,bpincotti9@altervista.org,Male,196.17.185.247,935
659,Nanice,Andreopolos,nandreopolosia@house.gov,Genderqueer,11.155.73.94,307
660,Sonnie,Bovingdon,sbovingdonib@surveymonkey.com,Female,190.168.212.208,689
661,Mandy,Muat,mmuatic@wp.com,Genderfluid,79.95.228.55,903
662,Allene,Chstney,achstneyid@ameblo.jp,Female,189.253.82.46,722
663,Celene,Rickards,crickardsie@ted.com,Female,99.37.177.197,101
664,Had,Handrek,hhandrekif@mayoclinic.com,Male,6.153.219.83,623
665,Kean,Bourgourd,kbourgourdig@illinois.edu,Male,229.209.34.89,744
666,Vaughn,Friberg,vfribergih@is.gd,Male,42.172.163.10,267
667,Nelli,Buncombe,nbuncombeii@twitter.com,Agender,7.193.200.217,168
668,Enrico,Sarll,esarllij@bloomberg.com,Male,251.82.209.155,540
669,Sally,Cristol,scristolik@flavors.me,Female,148.41.188.252,943
670,Gladi,Maginot,gmaginotil@seattletimes.com,Non-binary,195.40.118.62,266
671,Chlo,Bolf,cbolfim@jimdo.com,Female,97.124.172.82,803
672,Hakeem,Arendt,harendtin@free.fr,Male,147.110.227.105,839
673,Talbert,Dillestone,tdillestoneio@goo.gl,Male,133.185.78.92,944
674,Leighton,Turford,lturfordip@last.fm,Male,170.217.162.26,484
675,Corine,Arnason,carnasoniq@cornell.edu,Female,126.165.123.217,795
676,Yetta,Duetsche,yduetscheir@sphinn.com,Female,136.255.214.19,160
677,Evin,Gobolos,egobolosis@pinterest.com,Male,34.77.124.23,381
678,Solly,Hulburd,shulburdit@sciencedaily.com,Male,11.223.54.59,63
679,Torrence,Duns,tdunsiu@dmoz.org,Male,8.19.163.162,391
680,Colas,Shimmings,cshimmingsiv@github.io,Male,147.177.65.129,84
681,Kincaid,Silcock,ksilcockiw@europa.eu,Male,124.187.188.12,365
682,Merola,Pacher,mpacherix@seesaa.net,Female,50.24.130.43,656
683,Tito,Couroy,tcouroyiy@altervista.org,Male,215.72.175.147,610
684,Emanuele,Treffrey,etreffreyiz@independent.co.uk,Male,112.215.129.11,455
685,Violetta,Matys,vmatysj0@chronoengine.com,Polygender,22.199.91.62,721
686,Niko,Gidney,ngidneyj1@cafepress.com,Male,188.122.184.207,712
687,Sal,Saltsberg,ssaltsbergj2@baidu.com,Female,223.187.210.13,575
688,Eydie,Colbourn,ecolbournj3@nyu.edu,Agender,104.237.7.116,245
689,Sharai,Rosbotham,srosbothamj4@state.gov,Agender,148.221.244.66,493
690,Demetre,Abramchik,dabramchikj5@microsoft.com,Male,29.224.85.80,417
691,Auria,Baldoni,abaldonij6@goo.ne.jp,Female,72.194.88.215,638
692,Willdon,Overbury,woverburyj7@google.es,Male,217.158.198.95,311
693,Desdemona,Hearl,dhearlj8@i2i.jp,Female,55.8.255.162,658
694,Bayard,Abazi,babazij9@flickr.com,Male,11.150.5.56,29
695,Dorise,Rewan,drewanja@mozilla.com,Female,70.203.133.160,300
696,Abba,Giovanizio,agiovaniziojb@theatlantic.com,Male,60.86.214.208,829
697,Giselbert,Maybery,gmayberyjc@yale.edu,Male,246.37.84.147,766
698,Reamonn,McEnteggart,rmcenteggartjd@dropbox.com,Male,184.133.251.81,473
699,Johan,Brane,jbraneje@disqus.com,Male,32.42.111.155,891
700,Nelie,MacMeekan,nmacmeekanjf@barnesandnoble.com,Female,46.3.11.28,498
701,Caesar,Mardee,cmardeejg@sogou.com,Male,132.15.157.82,433
702,Gay,Date,gdatejh@google.nl,Male,151.128.125.220,838
703,Thorin,Treweke,ttrewekeji@alexa.com,Male,82.58.242.130,948
704,Hermie,Blakiston,hblakistonjj@jimdo.com,Male,232.91.70.82,656
705,Maxy,Blofeld,mblofeldjk@ustream.tv,Male,168.116.66.22,824
706,Benedikt,Garton,bgartonjl@webs.com,Non-binary,241.58.128.80,769
707,Grethel,Palley,gpalleyjm@miibeian.gov.cn,Female,153.59.27.78,241
708,Arlan,Tudball,atudballjn@feedburner.com,Non-binary,148.24.88.217,197
709,Dal,Cleaves,dcleavesjo@theguardian.com,Male,126.69.193.227,35
710,Michael,Clulee,mcluleejp@cornell.edu,Male,131.39.102.68,108
711,Pall,Gryglewski,pgryglewskijq@oakley.com,Male,11.131.200.219,780
712,Delaney,Luddy,dluddyjr@cbslocal.com,Male,179.48.43.151,295
713,Wilie,Eliot,weliotjs@dagondesign.com,Female,33.115.236.17,456
714,Kahlil,Maffeo,kmaffeojt@netlog.com,Male,121.237.134.222,253
715,Richmound,Pownall,rpownallju@mashable.com,Male,24.40.38.101,315
716,Heath,Gayther,hgaytherjv@woothemes.com,Male,78.244.20.37,64
717,Flem,Blacket,fblacketjw@npr.org,Male,17.185.116.149,135
718,Annabal,Scroyton,ascroytonjx@paypal.com,Female,205.146.240.135,909
719,Viviana,Nordass,vnordassjy@marriott.com,Female,189.104.15.202,408
720,Scarlet,Dunsmore,sdunsmorejz@house.gov,Female,170.92.197.220,216
721,Ber,Frensche,bfrenschek0@sphinn.com,Male,91.50.232.94,122
722,Horatius,Harback,hharbackk1@craigslist.org,Male,51.83.214.159,121
723,Amandi,Stove,astovek2@fema.gov,Female,164.91.45.19,414
724,Matthew,Boow,mboowk3@mozilla.org,Male,137.49.155.41,263
725,Grant,MacCart,gmaccartk4@salon.com,Male,65.26.41.221,544
726,Huey,Bremmell,hbremmellk5@prweb.com,Male,6.41.236.105,905
727,Tremain,Bernier,tbernierk6@java.com,Male,28.28.219.5,707
728,Travers,Bilbrey,tbilbreyk7@cdbaby.com,Male,203.141.141.19,391
729,Carlie,Murty,cmurtyk8@blog.com,Male,171.196.14.30,644
730,Dru,Pearson,dpearsonk9@xing.com,Female,68.66.154.2,983
731,Christal,McCurrie,cmccurrieka@toplist.cz,Female,245.241.7.72,691
732,Rene,Ingrey,ringreykb@devhub.com,Female,95.141.73.83,173
733,Faulkner,Franz,ffranzkc@qq.com,Male,149.148.110.255,963
734,Laney,Broadbent,lbroadbentkd@51.la,Female,34.232.150.142,621
735,Hertha,de Banke,hdebankeke@parallels.com,Female,195.172.35.131,348
736,Leeland,McKinless,lmckinlesskf@discuz.net,Male,252.206.45.164,507
737,Collete,Guite,cguitekg@webmd.com,Female,17.26.201.28,830
738,Niels,Scalera,nscalerakh@freewebs.com,Male,202.14.19.41,790
739,Alfi,Aspey,aaspeyki@spotify.com,Female,186.245.48.13,567
740,Brook,Rusling,bruslingkj@prnewswire.com,Female,180.9.83.87,377
741,Belia,Charpin,bcharpinkk@nationalgeographic.com,Female,187.78.208.66,422
742,Nelia,Larsen,nlarsenkl@privacy.gov.au,Female,166.49.212.4,715
743,Wernher,Bohin,wbohinkm@ca.gov,Male,21.71.96.46,512
744,Prue,Adnet,padnetkn@tinyurl.com,Genderqueer,24.154.253.16,349
745,Tan,McRill,tmcrillko@alibaba.com,Male,82.71.229.110,111
746,Stanwood,Jakeman,sjakemankp@scientificamerican.com,Male,143.226.96.246,897
747,Arlan,Curl,acurlkq@bizjournals.com,Male,139.175.40.68,986
748,Cristionna,Gardner,cgardnerkr@yolasite.com,Female,177.34.76.220,953
749,Bond,Bernaldo,bbernaldoks@mashable.com,Male,234.113.107.245,806
750,Kevan,Bolliver,kbolliverkt@unc.edu,Male,243.33.84.108,695
751,Leeann,Chevers,lcheversku@ftc.gov,Female,232.140.253.182,475
752,Sydney,Kerley,skerleykv@phoca.cz,Female,185.159.8.245,496
753,Larisa,Spong,lspongkw@vk.com,Female,231.117.60.87,960
754,Gill,Woolf,gwoolfkx@wikipedia.org,Male,74.140.90.185,100
755,Wolfgang,Rosin,wrosinky@merriam-webster.com,Male,117.181.224.108,489
756,Broderick,Kyncl,bkynclkz@nature.com,Male,206.75.112.182,42
757,Pasquale,Fassbender,pfassbenderl0@scientificamerican.com,Male,247.251.118.141,375
758,Terry,Tedorenko,ttedorenkol1@buzzfeed.com,Male,155.185.55.9,963
759,Maryanna,Buffy,mbuffyl2@purevolume.com,Female,170.1.41.48,758
760,Babette,Tomasoni,btomasonil3@ebay.co.uk,Female,156.102.72.150,233
761,Phillip,Hanniger,phannigerl4@jalbum.net,Male,68.220.223.154,887
762,Verne,Feige,vfeigel5@washingtonpost.com,Male,27.11.76.105,999
763,Donaugh,Tingcomb,dtingcombl6@surveymonkey.com,Male,119.224.67.222,214
764,Adara,Trowbridge,atrowbridgel7@loc.gov,Female,162.160.33.107,694
765,Ardeen,Guitel,aguitell8@discuz.net,Female,56.98.191.22,834
766,Krystal,Spaxman,kspaxmanl9@upenn.edu,Female,81.206.192.56,622
767,Sergio,Fehners,sfehnersla@walmart.com,Non-binary,24.113.248.208,517
768,Jodee,Costain,jcostainlb@zimbio.com,Female,254.208.146.233,341
769,Lenna,Dowzell,ldowzelllc@livejournal.com,Female,155.196.89.11,138
770,Dale,Philippault,dphilippaultld@geocities.com,Female,3.244.139.191,354
771,Arlee,Merkle,amerklele@mediafire.com,Female,232.207.65.103,714
772,Lyle,Carstairs,lcarstairslf@gnu.org,Male,96.86.22.241,649
773,Melisenda,Goodred,mgoodredlg@ycombinator.com,Polygender,76.204.254.6,629
774,Tomlin,Costa,tcostalh@timesonline.co.uk,Male,104.211.68.76,990
775,Coriss,Wallman,cwallmanli@sphinn.com,Female,39.179.48.28,798
776,Annmaria,Extal,aextallj@gmpg.org,Female,85.134.12.207,274
777,Hurleigh,Giovannoni,hgiovannonilk@nationalgeographic.com,Male,242.167.87.52,952
778,Manolo,Ashmore,mashmorell@mit.edu,Male,94.177.239.223,313
779,Aleksandr,Loughlin,aloughlinlm@oakley.com,Male,232.37.98.191,859
780,Gipsy,Trumpeter,gtrumpeterln@alexa.com,Female,170.194.136.119,383
781,Winston,Schrir,wschrirlo@wikipedia.org,Male,18.204.95.181,715
782,Joete,Readman,jreadmanlp@discovery.com,Female,153.214.140.57,278
783,Rosabella,Craw,rcrawlq@biglobe.ne.jp,Female,250.79.72.100,665
784,Bernhard,Zecchinelli,bzecchinellilr@umich.edu,Male,235.20.34.234,996
785,Doloritas,Deeprose,ddeeprosels@latimes.com,Female,57.55.36.145,93
786,Jessika,Keeble,jkeeblelt@networkadvertising.org,Female,101.210.147.39,52
787,Melli,Real,mreallu@amazonaws.com,Female,193.32.178.126,686
788,Averell,Wellman,awellmanlv@canalblog.com,Male,172.98.205.5,940
789,Koo,Crambie,kcrambielw@bigcartel.com,Female,100.68.235.234,181
790,Ryan,Garmon,rgarmonlx@java.com,Male,228.254.127.136,395
791,Free,Tyler,ftylerly@google.co.jp,Male,225.138.35.206,273
792,Mame,Torry,mtorrylz@creativecommons.org,Female,104.68.133.177,748
793,Hercule,Matushenko,hmatushenkom0@oakley.com,Male,196.158.86.70,980
794,Briggs,Barsam,bbarsamm1@icq.com,Male,78.203.135.150,279
795,Hans,Robardet,hrobardetm2@spotify.com,Male,59.201.45.57,190
796,Inger,Wisniowski,iwisniowskim3@si.edu,Male,107.162.242.123,313
797,Lissie,Hukin,lhukinm4@imdb.com,Female,244.144.103.118,316
798,Archie,Munehay,amunehaym5@printfriendly.com,Non-binary,226.234.242.242,793
799,Pierre,Woodyear,pwoodyearm6@privacy.gov.au,Male,118.222.54.128,984
800,Benny,Marcu,bmarcum7@lulu.com,Male,227.124.170.70,586
801,Che,Comer,ccomerm8@auda.org.au,Male,8.2.194.5,938
802,Radcliffe,de Broke,rdebrokem9@macromedia.com,Male,58.243.33.61,129
803,Luce,Cridland,lcridlandma@ifeng.com,Female,218.144.18.52,12
804,Clarey,Tissier,ctissiermb@wikipedia.org,Female,218.231.235.72,979
805,Emelina,Ibbotson,eibbotsonmc@buzzfeed.com,Female,86.69.164.220,193
806,Hurlee,Burmaster,hburmastermd@google.com.hk,Polygender,82.113.63.21,17
807,Chickie,Eccleshare,ceccleshareme@unblog.fr,Female,105.199.196.192,781
808,Kriste,Ickovits,kickovitsmf@wix.com,Genderfluid,233.246.156.133,557
809,Effie,Manueli,emanuelimg@bizjournals.com,Female,69.203.33.121,913
810,Truman,Griffey,tgriffeymh@chron.com,Male,220.161.61.192,371
811,Toby,Fetherby,tfetherbymi@facebook.com,Male,69.45.244.146,598
812,Hanny,Hatt,hhattmj@ebay.com,Female,113.208.19.178,966
813,Stillman,Beeton,sbeetonmk@cbslocal.com,Male,159.174.163.166,974
814,Hermine,Enevoldsen,henevoldsenml@abc.net.au,Female,232.107.202.71,119
815,Rockey,Blinde,rblindemm@smugmug.com,Male,78.86.42.140,644
816,Yul,Petit,ypetitmn@feedburner.com,Male,215.83.157.221,400
817,Shaun,Falkner,sfalknermo@domainmarket.com,Male,164.218.190.38,965
818,Vinny,Verny,vvernymp@amazon.co.uk,Male,156.192.157.246,566
819,Ambrose,Monkhouse,amonkhousemq@reverbnation.com,Male,72.218.230.40,878
820,Nita,Morgon,nmorgonmr@dropbox.com,Female,175.164.194.78,321
821,Arlina,Valentine,avalentinems@liveinternet.ru,Female,116.87.207.101,365
822,Flemming,McKag,fmckagmt@topsy.com,Male,254.13.176.193,768
823,Adena,Adnet,aadnetmu@youtube.com,Female,142.246.253.83,614
824,Burl,Fyndon,bfyndonmv@printfriendly.com,Male,230.18.164.101,220
825,Fiona,Gemlbett,fgemlbettmw@buzzfeed.com,Female,62.138.202.118,113
826,Barnett,Grizard,bgrizardmx@so-net.ne.jp,Male,149.74.178.252,950
827,Wilton,Milsom,wmilsommy@seesaa.net,Male,239.24.217.243,133
828,Julee,Pedrazzi,jpedrazzimz@macromedia.com,Female,71.124.91.26,495
829,Leonardo,Messager,lmessagern0@youku.com,Male,196.48.151.38,132
830,Bentley,Jinks,bjinksn1@blogtalkradio.com,Male,199.1.25.218,654
831,Pearle,Semmence,psemmencen2@themeforest.net,Female,142.73.111.234,668
832,Cloris,Rodda,croddan3@jiathis.com,Female,187.207.123.248,835
833,Giles,Parsall,gparsalln4@liveinternet.ru,Male,146.230.106.244,501
834,Ezra,Samson,esamsonn5@simplemachines.org,Male,6.31.99.130,329
835,Junette,Cyples,jcyplesn6@arizona.edu,Genderqueer,232.216.52.88,502
836,Jessie,Sutherington,jsutheringtonn7@123-reg.co.uk,Male,111.232.223.235,172
837,Jerrie,Seale,jsealen8@flickr.com,Female,239.222.81.58,800
838,Gerik,Wermerling,gwermerlingn9@wufoo.com,Genderqueer,182.36.32.107,570
839,Andrew,Baggallay,abaggallayna@plala.or.jp,Male,96.27.206.56,921
840,Johnna,Farrear,jfarrearnb@nasa.gov,Female,24.252.133.5,306
841,Courtney,Warbys,cwarbysnc@dailymotion.com,Female,98.119.141.23,691
842,Fairfax,MacCallion,fmaccallionnd@unblog.fr,Male,241.185.25.171,939
843,Gavrielle,Abarough,gabaroughne@princeton.edu,Female,28.81.147.60,840
844,Sacha,Crunkhorn,scrunkhornnf@loc.gov,Female,21.149.166.147,873
845,Marcellus,Landre,mlandreng@ehow.com,Genderfluid,150.212.54.13,782
846,Hillary,Popley,hpopleynh@list-manage.com,Male,203.0.235.240,322
847,Ivy,Gleave,igleaveni@skype.com,Female,141.249.243.155,679
848,Carlynn,Leavy,cleavynj@wired.com,Female,210.49.225.133,727
849,Schuyler,Bakster,sbaksternk@si.edu,Bigender,249.93.190.0,918
850,Karoly,Sargison,ksargisonnl@surveymonkey.com,Female,199.97.250.213,382
851,Nana,Gruszczak,ngruszczaknm@unblog.fr,Female,46.101.88.251,653
852,Lenora,Griffoen,lgriffoennn@multiply.com,Female,127.178.217.75,542
853,Silvanus,Loveredge,sloveredgeno@earthlink.net,Male,95.79.0.64,143
854,Allie,Behn,abehnnp@gnu.org,Female,100.24.118.136,515
855,Conny,Cooney,ccooneynq@google.ru,Male,208.39.60.56,836
856,Wilhelmina,Gourdon,wgourdonnr@addtoany.com,Female,61.86.138.253,936
857,Willy,Gerry,wgerryns@g.co,Female,252.197.48.156,940
858,Korey,Woodier,kwoodiernt@lulu.com,Male,212.16.86.141,585
859,Torie,Dalyiel,tdalyielnu@skype.com,Female,149.234.250.243,165
860,Darice,Postlewhite,dpostlewhitenv@foxnews.com,Female,142.236.95.110,240
861,Giorgio,Aitchison,gaitchisonnw@wp.com,Male,252.180.127.199,340
862,Almeda,Mirrlees,amirrleesnx@ask.com,Female,186.203.217.178,846
863,Ignatius,McGrill,imcgrillny@sogou.com,Male,177.42.49.208,587
864,Verene,Soames,vsoamesnz@unc.edu,Female,89.58.244.129,774
865,Irene,Rydeard,irydeardo0@mapquest.com,Female,177.136.33.187,998
866,Fabien,Boxe,fboxeo1@people.com.cn,Male,104.205.191.66,324
867,Ilysa,Joskowitz,ijoskowitzo2@epa.gov,Female,106.198.212.231,460
868,Dynah,Lefort,dleforto3@yellowpages.com,Female,134.123.34.131,859
869,Ole,Gaythorpe,ogaythorpeo4@e-recht24.de,Male,196.139.244.13,252
870,Cully,Gulliver,cgullivero5@gravatar.com,Male,231.111.16.63,850
871,Bartram,Artinstall,bartinstallo6@nature.com,Male,58.174.11.192,784
872,Horacio,Spira,hspirao7@so-net.ne.jp,Male,179.159.210.71,68
873,Imojean,Whanstall,iwhanstallo8@paginegialle.it,Genderqueer,239.35.208.65,152
874,Manon,Frearson,mfrearsono9@wikipedia.org,Agender,190.253.209.221,746
875,Maximilien,Clues,mcluesoa@rambler.ru,Male,14.67.124.243,20
876,Alic,Mertel,amertelob@cloudflare.com,Male,180.175.205.11,264
877,Chadd,Dudgeon,cdudgeonoc@goo.gl,Male,199.246.225.239,390
878,Sheff,Witcher,switcherod@buzzfeed.com,Male,69.255.15.66,825
879,Thorin,Dumingos,tdumingosoe@dell.com,Male,88.13.2.17,837
880,Carina,Morford,cmorfordof@accuweather.com,Female,129.112.68.193,308
881,Ariela,Heddy,aheddyog@booking.com,Female,40.48.25.123,765
882,Giraldo,Schirok,gschirokoh@mtv.com,Agender,232.253.137.67,903
883,Kata,Egerton,kegertonoi@imgur.com,Female,132.56.2.131,346
884,Loise,Illes,lillesoj@exblog.jp,Female,101.28.28.174,612
885,Cullan,Ghidoli,cghidoliok@sphinn.com,Male,227.198.172.232,40
886,Erma,Graalman,egraalmanol@nyu.edu,Female,190.9.22.119,903
887,Isahella,Flello,iflelloom@cbc.ca,Genderfluid,158.46.204.184,998
888,Gerrilee,Janczak,gjanczakon@studiopress.com,Female,72.37.192.144,669
889,Talbot,Legges,tleggesoo@nytimes.com,Genderqueer,18.127.204.190,418
890,Collette,Letessier,cletessierop@ftc.gov,Female,121.105.100.174,784
891,Dayna,Assender,dassenderoq@techcrunch.com,Female,153.136.1.89,739
892,Yancy,MacNish,ymacnishor@slashdot.org,Male,193.1.174.82,15
893,Sasha,Bruff,sbruffos@eepurl.com,Female,29.181.253.230,440
894,Erroll,Cokely,ecokelyot@google.com.au,Male,77.115.121.176,852
895,Rosalia,Garrood,rgarroodou@nature.com,Female,13.108.110.228,371
896,Bel,Robrow,brobrowov@ihg.com,Female,243.30.237.254,468
897,Ashlen,Artingstall,aartingstallow@elpais.com,Genderqueer,215.134.90.114,506
898,Bryna,Burditt,bburdittox@who.int,Female,60.14.9.19,931
899,Jenni,Wyborn,jwybornoy@unc.edu,Female,43.104.91.48,93
900,Trenna,de'-Ancy Willis,tdeancywillisoz@tripod.com,Female,242.122.70.3,594
901,Petunia,Puckring,ppuckringp0@unesco.org,Female,68.42.154.58,835
902,Vera,Aird,vairdp1@nih.gov,Female,0.32.37.37,476
903,Lucina,Jammes,ljammesp2@microsoft.com,Female,61.239.157.150,309
904,Vanda,von Grollmann,vvongrollmannp3@unicef.org,Female,65.119.32.205,940
905,Marjorie,Kassman,mkassmanp4@abc.net.au,Female,106.192.49.1,159
906,Nero,Currall,ncurrallp5@huffingtonpost.com,Male,189.65.251.98,546
907,Elianora,Maria,emariap6@soundcloud.com,Female,15.219.243.199,251
908,Merle,Gerlts,mgerltsp7@ibm.com,Bigender,49.61.166.169,181
909,Minna,Wickson,mwicksonp8@xinhuanet.com,Female,136.87.64.218,312
910,Mallory,Cissen,mcissenp9@ustream.tv,Female,36.32.82.245,938
911,Kerk,Carlucci,kcarluccipa@nature.com,Male,31.174.4.126,31
912,Mikel,Minelli,mminellipb@upenn.edu,Male,238.195.70.202,392
913,Patsy,Passie,ppassiepc@wisc.edu,Male,56.133.74.218,808
914,Roderick,Buddock,rbuddockpd@gnu.org,Genderfluid,68.59.205.72,197
915,Jordain,Brezlaw,jbrezlawpe@myspace.com,Female,159.107.161.73,681
916,Orel,Measen,omeasenpf@nhs.uk,Female,234.172.199.172,38
917,Eveline,Signori,esignoripg@domainmarket.com,Female,173.10.165.8,57
918,Debera,Debill,ddebillph@forbes.com,Female,123.140.20.37,939
919,Audrye,Yallowley,ayallowleypi@biblegateway.com,Female,6.34.185.113,567
920,Justine,Methley,jmethleypj@chron.com,Female,224.227.85.68,574
921,Kennie,Thyng,kthyngpk@oaic.gov.au,Genderfluid,242.32.221.95,54
922,Tobias,Fruser,tfruserpl@sina.com.cn,Male,156.206.48.135,409
923,Smitty,Yurov,syurovpm@jugem.jp,Male,101.180.239.28,353
924,Gloriana,Maldin,gmaldinpn@skype.com,Female,131.205.247.119,435
925,Dorelle,Belfitt,dbelfittpo@uol.com.br,Female,108.56.99.86,973
926,Karlis,Durkin,kdurkinpp@mit.edu,Male,228.181.27.236,1000
927,Janet,Kemitt,jkemittpq@discuz.net,Female,95.191.52.36,428
928,Kriste,Mertin,kmertinpr@woothemes.com,Female,103.199.128.227,495
929,Britney,Hallan,bhallanps@toplist.cz,Female,119.179.231.192,628
930,Wheeler,Summerson,wsummersonpt@jugem.jp,Male,83.154.92.206,310
931,Dore,Everest,deverestpu@elegantthemes.com,Male,181.114.9.182,915
932,Alta,M'Quharge,amquhargepv@myspace.com,Female,154.105.240.182,727
933,Corabel,Weekley,cweekleypw@unicef.org,Female,130.218.62.28,600
934,Elsbeth,Spears,espearspx@hc360.com,Female,9.99.98.130,348
935,Shelly,Tebbe,stebbepy@histats.com,Female,173.131.94.255,231
936,Marin,Vass,mvasspz@furl.net,Female,11.42.240.75,448
937,Andrea,Durrans,adurransq0@jalbum.net,Male,85.245.190.123,623
938,Angelia,Kezor,akezorq1@booking.com,Female,230.246.84.4,329
939,Pam,Klassmann,pklassmannq2@springer.com,Female,141.99.147.52,648
940,Worden,Ever,weverq3@blinklist.com,Male,247.176.140.12,989
941,Inna,Boyd,iboydq4@msn.com,Genderfluid,93.170.12.147,842
942,Olive,Coll,ocollq5@friendfeed.com,Female,19.79.119.123,321
943,Nathan,Danielou,ndanielouq6@blog.com,Male,48.219.56.79,582
944,Gert,Kleinhandler,gkleinhandlerq7@tumblr.com,Polygender,60.115.27.74,636
945,Leonora,Forrington,lforringtonq8@ifeng.com,Female,207.60.31.71,814
946,Peggi,Watting,pwattingq9@vistaprint.com,Female,76.206.68.51,613
947,Fidelia,Vaulkhard,fvaulkhardqa@cloudflare.com,Female,50.212.100.198,582
948,Oliver,Wallman,owallmanqb@harvard.edu,Male,80.6.229.16,238
949,Tallie,Adamsky,tadamskyqc@etsy.com,Polygender,68.44.253.77,789
950,Misty,Hunn,mhunnqd@imgur.com,Bigender,70.127.97.204,258
951,Kacie,Combes,kcombesqe@phpbb.com,Female,160.230.175.97,476
952,Akim,Farleigh,afarleighqf@digg.com,Male,210.2.122.252,315
953,Derrek,Alekhov,dalekhovqg@wiley.com,Male,191.216.108.3,567
954,Kerwinn,Beccera,kbecceraqh@drupal.org,Male,169.53.71.210,742
955,Ardene,Bedrosian,abedrosianqi@imdb.com,Female,21.237.141.128,585
956,Hamish,Reboulet,hrebouletqj@quantcast.com,Male,95.212.237.246,208
957,Alejandro,McVanamy,amcvanamyqk@ted.com,Male,100.6.107.46,630
958,Drake,Borleace,dborleaceql@apple.com,Male,229.174.163.202,461
959,Albert,Labroue,alabroueqm@theguardian.com,Male,61.51.104.121,179
960,Benedetta,Teacy,bteacyqn@reverbnation.com,Female,114.83.60.131,47
961,Lorie,Bottby,lbottbyqo@ihg.com,Female,151.82.229.70,140
962,Karlan,Seal,ksealqp@wordpress.com,Male,142.113.198.236,419
963,Koren,Jeanesson,kjeanessonqq@yellowpages.com,Female,47.254.229.110,662
964,Sydney,McMeyler,smcmeylerqr@free.fr,Male,19.245.154.62,673
965,Rebekkah,M'Quharg,rmquhargqs@jugem.jp,Female,229.17.186.139,120
966,Julieta,Curcher,jcurcherqt@biblegateway.com,Female,35.91.203.178,974
967,Arty,Gunther,aguntherqu@dion.ne.jp,Male,54.33.11.161,136
968,Lauraine,Menichillo,lmenichilloqv@tripod.com,Female,7.145.43.181,407
969,Blondy,Mabee,bmabeeqw@arstechnica.com,Polygender,213.234.141.143,171
970,Peder,Dewire,pdewireqx@360.cn,Male,213.124.1.28,122
971,Willie,Sein,wseinqy@hubpages.com,Male,120.134.79.167,879
972,Carina,Guyer,cguyerqz@discovery.com,Female,128.19.179.192,650
973,Torry,Braban,tbrabanr0@sun.com,Male,83.141.229.81,812
974,Leonid,Marklund,lmarklundr1@si.edu,Polygender,81.83.184.198,178
975,Jannelle,Sheal,jshealr2@cisco.com,Female,167.107.115.28,802
976,Courtnay,Townsend,ctownsendr3@china.com.cn,Male,218.142.254.243,892
977,Malorie,Arendt,marendtr4@furl.net,Female,54.134.230.106,34
978,Grenville,Harnor,gharnorr5@jimdo.com,Male,107.164.77.184,678
979,Marie-ann,Mayho,mmayhor6@marketwatch.com,Female,96.129.133.3,950
980,Thadeus,Cranshaw,tcranshawr7@washingtonpost.com,Male,7.32.93.121,671
981,Claudius,Cattel,ccattelr8@columbia.edu,Male,157.113.46.72,807
982,Early,Woffinden,ewoffindenr9@msu.edu,Male,83.144.4.114,555
983,Janos,Canadas,jcanadasra@alibaba.com,Male,118.31.27.69,636
984,Bartel,Cathesyed,bcathesyedrb@domainmarket.com,Male,254.215.123.210,255
985,Finlay,Hogbourne,fhogbournerc@qq.com,Male,246.71.65.65,956
986,Susana,Cadreman,scadremanrd@jugem.jp,Female,205.163.226.11,490
987,Arlinda,Berrick,aberrickre@berkeley.edu,Agender,216.222.248.11,412
988,Symon,Avrashin,savrashinrf@pbs.org,Male,31.130.2.169,284
989,Conway,Poole,cpoolerg@army.mil,Genderfluid,180.249.95.101,770
990,Mallorie,Foker,mfokerrh@weibo.com,Female,227.95.4.73,966
991,Johnath,Standfield,jstandfieldri@parallels.com,Female,90.165.210.5,764
992,Randie,Ygo,rygorj@edublogs.org,Female,75.5.158.76,504
993,Gail,Bockmaster,gbockmasterrk@webmd.com,Genderfluid,98.186.72.177,227
994,Evonne,MacAnelley,emacanelleyrl@t-online.de,Female,249.47.49.76,965
995,Grace,Griswaite,ggriswaiterm@simplemachines.org,Female,247.77.242.73,538
996,Dareen,Hess,dhessrn@bloomberg.com,Female,136.71.163.138,672
997,Elnar,Jeaffreson,ejeaffresonro@creativecommons.org,Male,7.115.161.20,193
998,Alric,Newling,anewlingrp@smugmug.com,Male,241.72.1.42,629
999,Daffy,Athelstan,dathelstanrq@vinaora.com,Female,237.197.83.65,752
1000,Eryn,Breddy,ebreddyrr@statcounter.com,Female,51.232.226.50,909
