id,first_name,last_name,email,gender,ip_address
1,Gabbie,Farmery,gfarmery0@barnesandnoble.com,Female,157.238.107.107
2,Desmond,Toffts,dtoffts1@bbb.org,Male,154.135.234.127
3,Josiah,Playford,jplayford2@blogtalkradio.com,Male,125.173.88.249
4,Brady,Lotte,blotte3@ucsd.edu,Genderqueer,215.241.159.51
5,Spike,McCloud,smccloud4@spotify.com,Male,60.8.25.175
6,Karissa,Trewinnard,ktrewinnard5@gravatar.com,Female,117.249.19.226
7,Kath,Gooda,kgooda6@creativecommons.org,Female,26.83.102.56
8,Jephthah,Glasscott,jglasscott7@wordpress.org,Male,236.181.28.126
9,Hasty,Conkey,hconkey8@dmoz.org,Male,74.26.69.185
10,Emogene,Swafford,eswafford9@cdc.gov,Female,12.7.102.127
11,Barn,Muir,bmuira@elpais.com,Male,10.183.136.116
12,Marissa,Surguine,msurguineb@hhs.gov,Female,214.39.208.46
13,Joline,Tichner,jtichnerc@tuttocitta.it,Female,93.108.104.54
14,Leslie,MacAulay,lmacaulayd@oracle.com,Male,227.76.50.11
15,Tabbi,Fells,tfellse@imageshack.us,Female,85.222.195.45
16,Des,Minghetti,dminghettif@bing.com,Male,126.128.139.96
17,Humbert,Probey,hprobeyg@booking.com,Male,123.233.98.81
18,Marrissa,Bollis,mbollish@domainmarket.com,Genderfluid,136.73.177.211
19,Joann,Seviour,jseviouri@taobao.com,Female,7.10.248.15
20,Aeriel,Cartner,acartnerj@digg.com,Female,104.200.168.167
21,Clayborne,Laycock,claycockk@cnet.com,Male,217.60.43.103
22,Jo,Beaulieu,jbeaulieul@earthlink.net,Male,151.139.84.151
23,Tildy,Sturrock,tsturrockm@elegantthemes.com,Female,210.252.218.140
24,Roanna,Willock,rwillockn@yahoo.com,Non-binary,69.126.231.22
25,Mendel,Pfeifer,mpfeifero@tripod.com,Male,123.252.237.173
26,Lindi,Yukhin,lyukhinp@slate.com,Female,243.162.108.26
27,Tawsha,McComiskey,tmccomiskeyq@about.com,Female,87.205.155.89
28,Gal,Tremayle,gtremayler@pbs.org,Male,22.107.201.132
29,Gabriel,Maplestone,gmaplestones@feedburner.com,Male,231.171.231.39
30,Joleen,Kippen,jkippent@omniture.com,Female,15.114.190.137
31,Taite,Lelievre,tlelievreu@soundcloud.com,Male,63.62.209.151
32,Evangeline,Cockcroft,ecockcroftv@jalbum.net,Female,181.21.219.125
33,Giraud,Jaskowicz,gjaskowiczw@reverbnation.com,Male,224.99.35.220
34,Robbin,Syversen,rsyversenx@soup.io,Female,57.110.186.140
35,Silvia,MacGilrewy,smacgilrewyy@bbc.co.uk,Female,203.182.191.72
36,Gill,Tuxwell,gtuxwellz@yahoo.com,Male,52.162.150.123
37,Janaye,Bithell,jbithell10@fema.gov,Female,202.46.139.47
38,Garrick,De Beneditti,gdebeneditti11@bluehost.com,Male,223.141.132.102
39,Alexis,Buer,abuer12@chron.com,Female,40.57.216.124
40,Robbie,Gerritzen,rgerritzen13@booking.com,Female,166.145.15.247
41,Nannie,Corwin,ncorwin14@theatlantic.com,Female,11.8.169.156
42,Gratia,Merrigans,gmerrigans15@globo.com,Genderqueer,22.56.193.162
43,Janette,Smitheram,jsmitheram16@squidoo.com,Female,181.82.2.94
44,Alonso,Haysman,ahaysman17@msn.com,Male,89.75.57.56
45,Tod,Terney,tterney18@cocolog-nifty.com,Genderqueer,28.253.120.7
46,Corenda,Guillem,cguillem19@people.com.cn,Genderqueer,116.14.41.34
47,Normand,Skym,nskym1a@1688.com,Male,15.58.45.15
48,Theo,Rayer,trayer1b@ihg.com,Male,39.227.69.212
49,Milo,Fairburn,mfairburn1c@cornell.edu,Male,229.124.200.213
50,Kenn,Dumingos,kdumingos1d@upenn.edu,Male,61.93.22.64
51,Kati,Pablo,kpablo1e@arizona.edu,Female,96.67.143.176
52,Algernon,Danell,adanell1f@princeton.edu,Male,207.254.73.131
53,Feliza,Jacox,fjacox1g@opensource.org,Female,55.245.11.116
54,Vin,Searles,vsearles1h@istockphoto.com,Male,30.17.37.30
55,Larissa,Seleway,lseleway1i@imdb.com,Genderfluid,184.148.181.184
56,Buddy,Cregan,bcregan1j@boston.com,Male,32.150.116.4
57,Jimmie,Pellington,jpellington1k@google.ca,Male,197.3.103.212
58,Jenilee,Goodricke,jgoodricke1l@wsj.com,Female,106.180.79.84
59,Kiel,Barbosa,kbarbosa1m@blogs.com,Male,1.110.75.186
60,Law,Sawart,lsawart1n@usatoday.com,Male,234.49.84.203
61,Levin,Sofe,lsofe1o@wiley.com,Male,1.202.215.9
62,Nina,Papachristophorou,npapachristophorou1p@umn.edu,Female,237.252.4.230
63,Alfie,Buey,abuey1q@sogou.com,Female,171.174.240.158
64,Reinhard,Janeway,rjaneway1r@cbsnews.com,Male,251.108.14.196
65,Sylvan,Kearn,skearn1s@youtube.com,Male,124.27.202.185
66,Anissa,Cosham,acosham1t@is.gd,Female,126.112.127.206
67,Quent,Leadbeatter,qleadbeatter1u@networksolutions.com,Male,78.171.243.211
68,Gratiana,Crocroft,gcrocroft1v@people.com.cn,Female,76.204.212.240
69,Janifer,Warry,jwarry1w@delicious.com,Female,144.196.138.229
70,Whitney,Ferriman,wferriman1x@moonfruit.com,Female,9.45.17.111
71,Wolfy,Laurencot,wlaurencot1y@imageshack.us,Male,92.128.190.225
72,Brodie,Berrey,bberrey1z@jalbum.net,Male,121.203.151.51
73,Aguie,Stuehmeier,astuehmeier20@parallels.com,Male,60.248.167.118
74,Martino,Meachem,mmeachem21@pen.io,Male,24.98.82.133
75,Roxi,Sparhawk,rsparhawk22@flavors.me,Female,149.208.116.192
76,Hurleigh,Baake,hbaake23@sakura.ne.jp,Male,189.162.15.7
77,Hadlee,Ciccetti,hciccetti24@linkedin.com,Male,223.149.64.243
78,Harmon,Costa,hcosta25@bluehost.com,Male,29.191.43.47
79,Fan,Lancley,flancley26@netscape.com,Female,97.248.170.169
80,Avril,Aldridge,aaldridge27@who.int,Genderqueer,39.105.147.59
81,Patrizio,Budleigh,pbudleigh28@indiatimes.com,Male,229.79.248.99
82,Forrest,Aseef,faseef29@diigo.com,Male,242.11.100.32
83,Edgard,Costen,ecosten2a@ask.com,Male,199.76.199.26
84,Uriah,Shippard,ushippard2b@qq.com,Male,228.82.238.68
85,Cozmo,La Torre,clatorre2c@epa.gov,Male,236.122.132.122
86,Wilhelmine,Yeskov,wyeskov2d@skyrock.com,Female,235.23.241.198
87,Tobie,Palatino,tpalatino2e@ning.com,Male,173.65.205.169
88,Emlynn,Rait,erait2f@oaic.gov.au,Female,86.106.129.246
89,Ardys,Semonin,asemonin2g@loc.gov,Female,214.182.19.203
90,Weidar,Brewitt,wbrewitt2h@github.com,Male,63.67.129.131
91,Norean,Hurling,nhurling2i@cmu.edu,Polygender,93.244.157.226
92,Greer,Feacham,gfeacham2j@shutterfly.com,Female,103.101.205.58
93,Corine,Mooring,cmooring2k@desdev.cn,Female,170.222.76.110
94,Eugenius,Eddington,eeddington2l@amazon.co.uk,Male,68.33.47.20
95,Hayward,Heijnen,hheijnen2m@oaic.gov.au,Male,19.253.8.33
96,Judah,Newall,jnewall2n@theatlantic.com,Male,1.45.218.164
97,Berna,Olley,bolley2o@phpbb.com,Female,64.234.10.130
98,Meggy,Littlechild,mlittlechild2p@msu.edu,Female,238.171.169.6
99,Breanne,Rikel,brikel2q@flavors.me,Female,237.132.109.108
100,Rowney,Duffer,rduffer2r@wikispaces.com,Male,110.214.171.186
101,Kaila,Poltun,kpoltun2s@archive.org,Female,213.177.181.124
102,Kati,Swatten,kswatten2t@hc360.com,Female,253.142.216.33
103,Bobbye,Showl,bshowl2u@ameblo.jp,Female,139.45.43.172
104,Brooke,Sam,bsam2v@yellowpages.com,Male,50.222.97.114
105,Zorina,Mallalieu,zmallalieu2w@columbia.edu,Female,80.219.135.152
106,Seka,Hallowes,shallowes2x@reverbnation.com,Female,91.156.55.199
107,Powell,Marchelli,pmarchelli2y@state.tx.us,Male,205.132.17.167
108,Elna,Reiners,ereiners2z@wunderground.com,Female,142.70.113.107
109,Elliot,Elflain,eelflain30@gizmodo.com,Male,120.26.39.137
110,Robin,Sell,rsell31@whitehouse.gov,Male,116.20.21.197
111,Christin,Downing,cdowning32@nba.com,Female,214.146.244.133
112,Ceciley,De Miranda,cdemiranda33@miitbeian.gov.cn,Female,24.16.224.199
113,Papagena,Droogan,pdroogan34@apache.org,Female,49.228.14.70
114,Fidelia,Ibbison,fibbison35@360.cn,Female,75.223.95.33
115,Shermie,Drackford,sdrackford36@mit.edu,Male,199.1.160.90
116,Ferdy,Crossfield,fcrossfield37@csmonitor.com,Male,238.18.86.89
117,Catherine,Booy,cbooy38@eventbrite.com,Female,220.109.212.221
118,Ainsley,Minthorpe,aminthorpe39@ezinearticles.com,Female,138.151.124.226
119,Fiann,Bendel,fbendel3a@cdbaby.com,Female,156.90.132.250
120,Beltran,Chatel,bchatel3b@mashable.com,Male,126.170.51.142
121,Davina,Brydson,dbrydson3c@live.com,Female,94.100.143.246
122,Garek,Bremen,gbremen3d@imageshack.us,Male,42.189.65.255
123,Raoul,Gooda,rgooda3e@globo.com,Male,130.105.17.16
124,Dermot,Crone,dcrone3f@state.tx.us,Agender,115.237.109.19
125,Tanney,Atrill,tatrill3g@umich.edu,Male,244.96.200.221
126,Minette,Semple,msemple3h@rakuten.co.jp,Female,15.174.134.54
127,Merlina,Tacker,mtacker3i@moonfruit.com,Female,3.163.161.22
128,Channa,Morrison,cmorrison3j@exblog.jp,Female,129.106.21.160
129,Toby,Marflitt,tmarflitt3k@trellian.com,Female,60.175.18.89
130,Chad,Goss,cgoss3l@moonfruit.com,Male,48.66.200.190
131,Randal,Polo,rpolo3m@omniture.com,Male,29.86.252.36
132,Lindsey,Poundford,lpoundford3n@ed.gov,Female,74.41.175.67
133,Ralph,Crean,rcrean3o@yelp.com,Bigender,45.34.243.41
134,Addy,Langstrath,alangstrath3p@wikipedia.org,Female,129.125.119.96
135,Jo-ann,Blackwood,jblackwood3q@example.com,Female,143.127.55.249
136,Jori,Gives,jgives3r@usatoday.com,Female,34.170.227.55
137,Paco,Mulvaney,pmulvaney3s@youtu.be,Male,120.56.105.27
138,Mikey,Shard,mshard3t@buzzfeed.com,Male,41.121.98.60
139,Hunfredo,Deboy,hdeboy3u@admin.ch,Male,243.248.14.115
140,Hilary,Shatford,hshatford3v@state.gov,Male,145.57.29.145
141,Fayette,Hembrow,fhembrow3w@google.de,Female,141.120.5.118
142,Corabella,Burril,cburril3x@tinyurl.com,Female,4.147.8.12
143,Sky,Slowly,sslowly3y@google.it,Male,25.22.196.148
144,Jecho,Windross,jwindross3z@noaa.gov,Male,121.158.11.109
145,Cissy,Filipic,cfilipic40@gizmodo.com,Female,255.8.127.244
146,Herc,Gemelli,hgemelli41@quantcast.com,Male,105.181.197.4
147,Diann,Mountstephen,dmountstephen42@ifeng.com,Female,239.155.245.65
148,Casar,Curryer,ccurryer43@list-manage.com,Male,170.78.106.253
149,Gibbie,Oneile,goneile44@cbslocal.com,Male,139.109.60.46
150,Emylee,Tarborn,etarborn45@un.org,Female,120.35.174.90
151,Scarlett,Penvarne,spenvarne46@china.com.cn,Female,205.227.105.98
152,Merrili,Cantopher,mcantopher47@yelp.com,Female,168.229.82.141
153,Augustine,Rossoni,arossoni48@dagondesign.com,Male,164.29.187.122
154,Horacio,Yggo,hyggo49@sciencedirect.com,Male,245.7.151.124
155,Kippie,Wain,kwain4a@ehow.com,Female,108.212.239.194
156,Gonzales,Noller,gnoller4b@alexa.com,Male,223.92.23.115
157,Padriac,Danilchev,pdanilchev4c@senate.gov,Male,154.12.229.159
158,Janifer,Newbatt,jnewbatt4d@dropbox.com,Bigender,85.197.76.53
159,Davin,Hawick,dhawick4e@wisc.edu,Male,219.61.172.222
160,Hi,Feaviour,hfeaviour4f@istockphoto.com,Male,148.99.187.99
161,Mozes,Dafydd,mdafydd4g@wikia.com,Male,6.221.144.201
162,Ianthe,Inchley,iinchley4h@foxnews.com,Female,189.190.118.186
163,Brennen,Aldine,baldine4i@globo.com,Male,55.77.42.80
164,Grover,Renvoise,grenvoise4j@t.co,Male,197.175.253.198
165,Jaquelin,Vasyaev,jvasyaev4k@dailymotion.com,Female,146.164.64.121
166,Daphna,Drance,ddrance4l@vimeo.com,Female,126.196.234.4
167,Marie,Beagles,mbeagles4m@constantcontact.com,Non-binary,145.58.119.159
168,Charyl,Acarson,cacarson4n@netvibes.com,Female,163.234.191.26
169,Marna,Jeaffreson,mjeaffreson4o@mapquest.com,Female,150.231.199.97
170,Mathias,Turvie,mturvie4p@icq.com,Male,123.236.68.208
171,Erhard,Moulsdale,emoulsdale4q@illinois.edu,Male,84.196.190.137
172,Nickolai,Dine-Hart,ndinehart4r@sogou.com,Male,198.230.124.63
173,Nick,Dell,ndell4s@ow.ly,Male,139.194.75.192
174,Amby,Curedell,acuredell4t@twitpic.com,Male,17.206.190.48
175,Brendan,Birkmyr,bbirkmyr4u@elegantthemes.com,Male,210.14.44.204
176,Cristen,Marcham,cmarcham4v@last.fm,Female,89.221.84.229
177,Norton,Goodboddy,ngoodboddy4w@samsung.com,Male,190.124.86.22
178,Christyna,Wakeford,cwakeford4x@goo.gl,Female,99.153.147.134
179,Mercie,Anwyl,manwyl4y@trellian.com,Female,139.169.60.28
180,Israel,Criple,icriple4z@yandex.ru,Male,51.210.82.178
181,Joey,Reames,jreames50@imgur.com,Polygender,65.86.37.52
182,Neille,Wardington,nwardington51@slideshare.net,Female,249.55.90.51
183,Horst,Puleston,hpuleston52@taobao.com,Male,11.22.191.99
184,Corrine,Shemwell,cshemwell53@vimeo.com,Female,155.127.212.130
185,Torrin,Dellar,tdellar54@booking.com,Male,239.17.204.46
186,Gilbert,Petegree,gpetegree55@icq.com,Male,124.53.249.171
187,Mendy,Dodge,mdodge56@geocities.jp,Male,102.214.232.177
188,Rhett,Broz,rbroz57@mayoclinic.com,Male,196.50.44.120
189,Antone,Hazelgreave,ahazelgreave58@independent.co.uk,Male,248.95.167.231
190,Darbie,Kingsmill,dkingsmill59@disqus.com,Female,24.225.66.172
191,Yalonda,McAnalley,ymcanalley5a@discovery.com,Female,41.183.252.36
192,Shea,Blythin,sblythin5b@youtube.com,Female,127.119.78.231
193,Ellerey,Ducket,educket5c@naver.com,Male,5.195.11.111
194,Zandra,Gourdon,zgourdon5d@weebly.com,Female,125.202.136.78
195,Koren,Bernardos,kbernardos5e@canalblog.com,Female,174.219.1.169
196,Myca,Shelbourne,mshelbourne5f@lulu.com,Male,133.136.194.160
197,Simmonds,Sheraton,ssheraton5g@elegantthemes.com,Male,7.125.116.1
198,Paulie,Mutch,pmutch5h@senate.gov,Male,59.239.93.119
199,Lazarus,Thieme,lthieme5i@unicef.org,Male,246.99.117.92
200,Mervin,Hugonin,mhugonin5j@google.cn,Male,142.205.92.73
201,Ferris,Oxenham,foxenham5k@vkontakte.ru,Male,157.216.42.175
202,Otha,Dudding,odudding5l@dell.com,Female,125.108.165.89
203,Sauveur,McKie,smckie5m@newyorker.com,Male,104.243.117.48
204,Ellwood,Cornill,ecornill5n@nba.com,Male,221.77.97.209
205,Opaline,Devita,odevita5o@vk.com,Female,2.89.32.37
206,Ashby,Szymonwicz,aszymonwicz5p@moonfruit.com,Male,30.21.58.171
207,Mattie,Emmerson,memmerson5q@indiatimes.com,Female,250.225.158.188
208,Dory,Pimley,dpimley5r@google.cn,Male,213.11.215.110
209,Alan,Matthiae,amatthiae5s@alibaba.com,Male,77.133.43.201
210,Reider,Shaddock,rshaddock5t@etsy.com,Male,145.104.174.216
211,Leone,Brader,lbrader5u@rambler.ru,Female,81.82.78.107
212,Fanny,Laborda,flaborda5v@ft.com,Female,235.108.211.127
213,Bennie,Murtimer,bmurtimer5w@live.com,Male,61.165.98.222
214,Pattie,Knowlman,pknowlman5x@scribd.com,Male,212.185.79.137
215,Esra,Gregory,egregory5y@myspace.com,Male,8.76.160.69
216,Chaim,Swatheridge,cswatheridge5z@blinklist.com,Male,233.162.53.132
217,Dominik,Fitzsimmons,dfitzsimmons60@bloglovin.com,Male,115.164.71.159
218,Vania,Basile,vbasile61@cmu.edu,Female,37.239.235.125
219,Sallyanne,Marrison,smarrison62@fc2.com,Polygender,54.185.135.119
220,Kerrin,Wathen,kwathen63@chron.com,Female,198.175.84.92
221,Yuri,Stanislaw,ystanislaw64@oaic.gov.au,Male,25.147.224.165
222,Olag,Gemlett,ogemlett65@usgs.gov,Male,210.194.253.119
223,Arne,Ohm,aohm66@dmoz.org,Male,155.32.198.253
224,Wiley,Witherow,wwitherow67@theatlantic.com,Male,69.27.59.1
225,Cosette,Daulton,cdaulton68@imgur.com,Female,239.103.217.160
226,Emmanuel,Foxton,efoxton69@slate.com,Male,109.82.61.204
227,Drusy,MacAlester,dmacalester6a@eventbrite.com,Female,223.114.91.202
228,Stern,Nial,snial6b@prnewswire.com,Male,248.206.153.66
229,Dexter,Farquar,dfarquar6c@clickbank.net,Bigender,224.254.251.53
230,Jane,Grzegorzewski,jgrzegorzewski6d@360.cn,Female,154.121.45.111
231,Trish,Sherratt,tsherratt6e@upenn.edu,Female,212.228.206.116
232,Alleyn,Giacobillo,agiacobillo6f@engadget.com,Male,92.132.215.84
233,Terrijo,Ygo,tygo6g@weebly.com,Female,32.160.14.111
234,Clareta,Yesinin,cyesinin6h@upenn.edu,Female,63.83.80.171
235,Wendye,Jeskin,wjeskin6i@yellowpages.com,Female,18.171.93.55
236,Fancie,Sympson,fsympson6j@phoca.cz,Female,41.117.147.85
237,Earvin,Magee,emagee6k@blogspot.com,Male,55.86.152.250
238,Skell,Illing,silling6l@digg.com,Male,185.254.199.37
239,Napoleon,Hoult,nhoult6m@ucoz.ru,Male,154.184.12.8
240,Renata,Salvadori,rsalvadori6n@dmoz.org,Female,151.112.134.3
241,Benedikt,Vanner,bvanner6o@guardian.co.uk,Genderfluid,201.128.171.105
242,Mitchell,Plowright,mplowright6p@dyndns.org,Male,251.126.190.187
243,Lane,Schoroder,lschoroder6q@amazonaws.com,Female,45.209.82.194
244,Reynold,Nevin,rnevin6r@slideshare.net,Male,57.195.141.219
245,Margot,Eversfield,meversfield6s@reference.com,Female,4.0.231.49
246,Prue,Carrol,pcarrol6t@barnesandnoble.com,Genderfluid,31.180.47.194
247,Aleksandr,McTaggart,amctaggart6u@census.gov,Male,5.212.147.93
248,Nanete,Brayfield,nbrayfield6v@tinypic.com,Genderqueer,101.127.64.198
249,Thorndike,Marfell,tmarfell6w@arizona.edu,Male,254.127.191.131
250,Rutger,McKerron,rmckerron6x@squidoo.com,Male,219.192.109.181
251,Julissa,Maillard,jmaillard6y@freewebs.com,Female,108.45.146.121
252,Kari,Cobson,kcobson6z@nhs.uk,Female,67.100.137.234
253,Crissy,Schuh,cschuh70@xinhuanet.com,Female,133.56.126.10
254,Zsa zsa,Bridgewater,zbridgewater71@studiopress.com,Female,132.107.200.50
255,Raphael,Orrell,rorrell72@toplist.cz,Male,107.244.80.222
256,Keir,Smowton,ksmowton73@123-reg.co.uk,Male,12.89.202.7
257,Maddy,Spore,mspore74@ocn.ne.jp,Male,136.146.202.222
258,Austine,Wudeland,awudeland75@cbsnews.com,Female,254.68.149.173
259,Rolf,Eggleston,reggleston76@addthis.com,Male,176.220.248.248
260,Leodora,McEttigen,lmcettigen77@alexa.com,Female,34.53.120.47
261,Lexine,Biggadike,lbiggadike78@shinystat.com,Female,16.103.83.93
262,Jamill,Storrier,jstorrier79@hubpages.com,Male,227.171.248.148
263,Philipa,Northgraves,pnorthgraves7a@altervista.org,Female,245.232.110.141
264,Jeana,Manvell,jmanvell7b@devhub.com,Non-binary,248.219.144.67
265,Sawyere,Cowlas,scowlas7c@independent.co.uk,Male,156.149.197.124
266,Saxe,Tippler,stippler7d@adobe.com,Male,87.119.168.208
267,Artemis,Florence,aflorence7e@posterous.com,Male,7.204.4.77
268,Andrew,MacManus,amacmanus7f@meetup.com,Male,197.103.58.165
269,Darya,Baptist,dbaptist7g@google.de,Female,101.170.100.97
270,Em,McIlveen,emcilveen7h@washington.edu,Male,240.10.73.221
271,Izaak,Dicte,idicte7i@shutterfly.com,Male,44.40.112.255
272,Shelley,O'Nion,sonion7j@biblegateway.com,Male,163.209.200.117
273,Sanford,Gourlay,sgourlay7k@wufoo.com,Male,222.109.18.242
274,Abdul,Airy,aairy7l@buzzfeed.com,Male,52.50.152.200
275,Flossi,Coker,fcoker7m@tinyurl.com,Female,52.165.168.188
276,Armando,Horsfield,ahorsfield7n@imdb.com,Male,100.30.67.239
277,Kendre,Akid,kakid7o@wikispaces.com,Agender,11.125.91.94
278,Ludovico,Kupka,lkupka7p@ezinearticles.com,Male,53.203.218.84
279,Gerardo,Hardesty,ghardesty7q@tripadvisor.com,Agender,221.59.205.77
280,Niel,Stickney,nstickney7r@ameblo.jp,Male,209.105.115.41
281,Lurline,Dunford,ldunford7s@istockphoto.com,Female,233.173.74.83
282,Elias,Blatchford,eblatchford7t@howstuffworks.com,Genderfluid,12.47.192.217
283,Blinni,Eddisford,beddisford7u@sciencedaily.com,Female,95.12.237.144
284,Reggie,Labrum,rlabrum7v@wp.com,Male,26.61.3.3
285,Reider,Gehricke,rgehricke7w@hibu.com,Male,131.89.74.29
286,Frasquito,Van der Mark,fvandermark7x@linkedin.com,Male,67.36.252.180
287,Livvie,Rudledge,lrudledge7y@desdev.cn,Female,120.197.226.189
288,Oona,Steddall,osteddall7z@mapquest.com,Female,169.240.24.72
289,Umeko,Cassar,ucassar80@ask.com,Female,201.141.92.161
290,Emiline,Chaffyn,echaffyn81@naver.com,Female,56.48.78.187
291,Dion,Mussettini,dmussettini82@blogspot.com,Female,29.235.30.237
292,Lauryn,Houtby,lhoutby83@slideshare.net,Female,94.215.40.70
293,Jone,Boshers,jboshers84@networksolutions.com,Male,226.142.51.188
294,Alphard,Beveredge,abeveredge85@skype.com,Male,36.143.249.228
295,Jeane,Dodgshon,jdodgshon86@mac.com,Female,199.80.128.128
296,Giffy,Lemmens,glemmens87@chicagotribune.com,Male,2.5.176.19
297,Odelia,Austick,oaustick88@example.com,Female,251.172.89.141
298,Darcee,Dumbellow,ddumbellow89@purevolume.com,Female,117.117.60.195
299,Vivien,Hassekl,vhassekl8a@guardian.co.uk,Non-binary,225.193.131.227
300,Renard,Sapauton,rsapauton8b@noaa.gov,Male,113.123.106.158
301,Magnum,Meineck,mmeineck8c@about.com,Male,20.86.42.72
302,Shauna,O'Meara,someara8d@altervista.org,Female,125.249.73.179
303,Reilly,Dauney,rdauney8e@blinklist.com,Male,35.153.201.123
304,Pauletta,Sherburn,psherburn8f@mail.ru,Female,132.140.61.166
305,Horst,Jedrasik,hjedrasik8g@sitemeter.com,Male,142.128.26.226
306,Kania,Hayford,khayford8h@answers.com,Female,198.110.132.191
307,Bevin,Sutworth,bsutworth8i@360.cn,Male,246.31.233.90
308,Jo-ann,Staniford,jstaniford8j@house.gov,Female,208.141.100.37
309,Karlens,Chrishop,kchrishop8k@taobao.com,Male,171.123.12.74
310,Dene,Belch,dbelch8l@tamu.edu,Polygender,180.177.104.237
311,Luke,Cesconi,lcesconi8m@theguardian.com,Male,131.195.150.194
312,Elisa,Bexley,ebexley8n@oaic.gov.au,Female,64.104.219.24
313,Rosmunda,Ferronier,rferronier8o@com.com,Female,168.210.247.80
314,Dorian,Spensley,dspensley8p@ebay.co.uk,Male,1.227.4.249
315,Jo-ann,Aggas,jaggas8q@360.cn,Female,195.220.103.179
316,Augustine,Giblin,agiblin8r@gravatar.com,Genderqueer,118.162.0.242
317,Aube,Owen,aowen8s@wikipedia.org,Male,255.244.151.126
318,Christoph,Mathias,cmathias8t@virginia.edu,Male,121.230.103.38
319,Ker,Gentreau,kgentreau8u@lycos.com,Male,166.220.182.86
320,Desi,Sayles,dsayles8v@cbc.ca,Male,161.86.12.14
321,Margot,Pakes,mpakes8w@ucsd.edu,Female,195.37.195.174
322,Althea,Burch,aburch8x@constantcontact.com,Female,145.155.63.209
323,Olimpia,Rymmer,orymmer8y@miitbeian.gov.cn,Female,212.199.226.160
324,Jodi,Cowan,jcowan8z@tinypic.com,Male,244.29.97.230
325,Ted,Grossman,tgrossman90@admin.ch,Male,40.181.215.51
326,Bryce,Fullilove,bfullilove91@smugmug.com,Male,106.102.111.164
327,Arlina,Corns,acorns92@merriam-webster.com,Female,195.178.93.102
328,Ennis,Larking,elarking93@slashdot.org,Male,250.143.223.18
329,Gordy,Jahndel,gjahndel94@arizona.edu,Male,90.191.244.164
330,Fielding,O'Lehane,folehane95@apple.com,Male,196.222.210.14
331,Odell,Aspling,oaspling96@networkadvertising.org,Male,184.70.3.37
332,Meredith,Grantham,mgrantham97@vk.com,Female,207.122.9.62
333,Esme,Giffen,egiffen98@1und1.de,Male,200.93.135.63
334,Doroteya,Bannerman,dbannerman99@seesaa.net,Female,104.169.86.35
335,Perry,Coughtrey,pcoughtrey9a@cocolog-nifty.com,Male,44.168.255.109
336,Zachery,Berryann,zberryann9b@huffingtonpost.com,Male,219.237.126.205
337,Jordanna,Haster,jhaster9c@bbb.org,Female,46.252.187.136
338,Josy,Davidoff,jdavidoff9d@go.com,Female,244.52.39.53
339,Ave,Jellett,ajellett9e@ow.ly,Male,128.41.4.31
340,Den,Sonner,dsonner9f@about.com,Male,213.233.35.63
341,Donal,Trulocke,dtrulocke9g@github.io,Male,88.35.229.62
342,Clyve,Derye-Barrett,cderyebarrett9h@unblog.fr,Male,107.251.109.139
343,Marijn,Fransinelli,mfransinelli9i@columbia.edu,Male,68.173.230.28
344,Hillyer,Mertgen,hmertgen9j@forbes.com,Agender,54.208.80.152
345,Norma,Woolward,nwoolward9k@odnoklassniki.ru,Bigender,227.33.105.219
346,Domeniga,Turfus,dturfus9l@moonfruit.com,Female,14.117.105.150
347,Nikki,Dooler,ndooler9m@blogspot.com,Male,39.14.72.218
348,Cybil,Faustian,cfaustian9n@google.co.uk,Female,52.229.188.243
349,Harwell,Gyenes,hgyenes9o@networksolutions.com,Male,93.32.223.152
350,Harvey,Janos,hjanos9p@marketwatch.com,Male,68.97.159.72
351,Shannon,Elecum,selecum9q@woothemes.com,Male,9.240.130.86
352,Juanita,Schoroder,jschoroder9r@twitter.com,Female,46.95.179.228
353,Taryn,Waddington,twaddington9s@friendfeed.com,Female,73.218.70.164
354,Tova,Prince,tprince9t@eventbrite.com,Female,184.159.60.255
355,Kaiser,Skrines,kskrines9u@diigo.com,Polygender,167.144.141.209
356,Jackie,Semeniuk,jsemeniuk9v@nasa.gov,Male,162.183.6.239
357,Dill,Markos,dmarkos9w@deliciousdays.com,Male,236.251.58.83
358,Adelbert,Kryzhov,akryzhov9x@tinyurl.com,Male,179.218.63.125
359,Jermain,Batchellor,jbatchellor9y@bravesites.com,Male,92.171.45.14
360,Sonia,Coldtart,scoldtart9z@sun.com,Female,255.1.130.184
361,Renie,MacBain,rmacbaina0@list-manage.com,Female,148.60.164.191
362,Ranice,Beeke,rbeekea1@jugem.jp,Female,196.125.173.193
363,Shauna,De Bruyne,sdebruynea2@globo.com,Female,175.204.194.219
364,Obediah,Elland,oellanda3@deliciousdays.com,Male,119.164.52.112
365,Neila,Micklewright,nmicklewrighta4@archive.org,Female,186.203.201.122
366,Damita,Berry,dberrya5@amazon.de,Female,117.109.235.129
367,Juliane,Burstow,jburstowa6@woothemes.com,Female,64.113.83.56
368,Roarke,Sarrell,rsarrella7@omniture.com,Male,2.102.180.53
369,Leupold,Auger,laugera8@businessinsider.com,Male,168.178.48.207
370,Phip,Gillitt,pgillitta9@thetimes.co.uk,Male,44.171.22.70
371,Hammad,Pohl,hpohlaa@cloudflare.com,Male,49.250.233.201
372,Rossy,Minors,rminorsab@google.it,Male,100.53.19.200
373,Felicdad,Leafe,fleafeac@tinyurl.com,Female,147.249.246.53
374,Gianna,Master,gmasterad@ifeng.com,Female,217.142.206.196
375,Woodman,Hallin,whallinae@flavors.me,Bigender,53.243.81.243
376,Teriann,Eacle,teacleaf@alibaba.com,Female,177.8.172.182
377,Valentijn,Gasparro,vgasparroag@wikipedia.org,Male,50.240.80.77
378,Shari,Faveryear,sfaveryearah@geocities.com,Female,10.75.51.118
379,Erma,Tourle,etourleai@ebay.com,Female,16.96.163.25
380,Aharon,Stern,asternaj@vkontakte.ru,Male,248.188.13.194
381,Mellisa,Bernette,mbernetteak@163.com,Bigender,199.184.52.25
382,Joanna,Duffit,jduffital@princeton.edu,Female,208.213.148.150
383,Davis,Torbeck,dtorbeckam@skype.com,Male,198.203.55.200
384,Meryl,Pashan,mpashanan@theglobeandmail.com,Male,215.228.30.146
385,Aile,Thomason,athomasonao@unblog.fr,Female,53.159.103.63
386,Alvy,Stockill,astockillap@facebook.com,Male,171.42.134.67
387,Aaron,Seabrocke,aseabrockeaq@exblog.jp,Male,108.249.2.5
388,Noella,Fortie,nfortiear@163.com,Female,115.43.49.37
389,Ursola,Gamil,ugamilas@fc2.com,Female,167.146.45.142
390,Rodolph,Hassewell,rhassewellat@yahoo.co.jp,Non-binary,65.103.152.228
391,Maye,Vennard,mvennardau@barnesandnoble.com,Female,138.135.108.164
392,Schuyler,Gitthouse,sgitthouseav@google.cn,Male,199.157.201.82
393,Raquel,Nutt,rnuttaw@nyu.edu,Female,237.180.153.118
394,Adam,Dormon,adormonax@miitbeian.gov.cn,Male,38.126.63.188
395,Mauricio,Hinkley,mhinkleyay@nature.com,Male,250.24.110.28
396,Bradford,Tingey,btingeyaz@ask.com,Male,40.182.35.162
397,Rusty,Mularkey,rmularkeyb0@toplist.cz,Male,247.237.244.232
398,Eduino,Lockhurst,elockhurstb1@jimdo.com,Male,58.48.109.198
399,Saudra,Amori,samorib2@twitter.com,Female,77.155.130.165
400,Jamie,Ridgedell,jridgedellb3@altervista.org,Male,142.21.177.166
401,Janeva,Pearcy,jpearcyb4@gov.uk,Female,207.91.191.214
402,Omero,Danis,odanisb5@opensource.org,Genderfluid,11.181.111.179
403,Clarke,Dowears,cdowearsb6@ezinearticles.com,Male,32.197.200.97
404,Quinton,Rapin,qrapinb7@friendfeed.com,Male,141.30.241.208
405,Lewie,Medcalf,lmedcalfb8@apple.com,Male,80.11.174.69
406,Uriah,Slade,usladeb9@irs.gov,Male,233.212.242.24
407,Shoshanna,Rycroft,srycroftba@51.la,Female,187.28.158.25
408,Adriane,Dixson,adixsonbb@google.co.jp,Female,217.114.87.52
409,Peggi,Zellner,pzellnerbc@unblog.fr,Female,58.34.225.25
410,Cicely,Basford,cbasfordbd@booking.com,Female,167.72.102.58
411,Aimee,Oakland,aoaklandbe@aboutads.info,Female,157.181.116.92
412,Karoly,Ca,kcabf@tinypic.com,Male,171.209.176.47
413,Dominik,Nutley,dnutleybg@ted.com,Male,141.235.144.236
414,Alia,Daniell,adaniellbh@wired.com,Female,234.29.223.15
415,Gonzales,Bienvenu,gbienvenubi@indiegogo.com,Male,59.104.10.154
416,Aleksandr,Winkett,awinkettbj@bloglines.com,Male,129.127.114.61
417,Jenni,Healing,jhealingbk@google.com.br,Female,198.30.193.157
418,Suellen,Giddons,sgiddonsbl@timesonline.co.uk,Female,12.96.93.254
419,Robby,MacNeish,rmacneishbm@stumbleupon.com,Female,127.165.93.36
420,Alissa,Boatman,aboatmanbn@barnesandnoble.com,Female,156.79.208.90
421,Tim,Tapply,ttapplybo@theatlantic.com,Non-binary,201.7.85.23
422,Wilhelm,Tommei,wtommeibp@weibo.com,Male,41.9.114.119
423,Andrei,Challener,achallenerbq@domainmarket.com,Female,195.199.199.90
424,Gisela,Berrie,gberriebr@census.gov,Female,0.219.236.18
425,Gearalt,Bowers,gbowersbs@webs.com,Bigender,10.36.232.49
426,Rance,Hannaway,rhannawaybt@mashable.com,Agender,231.81.125.102
427,Karney,Faltin,kfaltinbu@live.com,Male,63.237.244.18
428,Harriett,Feavearyear,hfeavearyearbv@ning.com,Female,67.103.70.88
429,Monro,Alps,malpsbw@seattletimes.com,Male,144.215.210.209
430,Kerry,Kurten,kkurtenbx@tinyurl.com,Polygender,6.57.138.62
431,Lind,MacDermot,lmacdermotby@unicef.org,Female,221.10.104.165
432,Clara,Ponting,cpontingbz@ox.ac.uk,Polygender,210.74.85.64
433,Goddard,Skippon,gskipponc0@sohu.com,Male,187.148.83.84
434,Glyn,Satcher,gsatcherc1@wordpress.org,Male,12.244.158.138
435,Lorrin,Johl,ljohlc2@usgs.gov,Female,194.0.176.96
436,Phoebe,Denison,pdenisonc3@unc.edu,Female,50.32.167.43
437,Myriam,Witchell,mwitchellc4@issuu.com,Female,216.187.12.171
438,Cully,Dewicke,cdewickec5@rediff.com,Male,28.194.18.165
439,Britte,Grigoliis,bgrigoliisc6@icq.com,Female,27.56.84.74
440,Palmer,Thomton,pthomtonc7@ucsd.edu,Male,84.53.3.197
441,Jsandye,Flecknell,jflecknellc8@shop-pro.jp,Female,228.187.203.152
442,Vanya,Jobe,vjobec9@amazon.de,Male,0.219.176.85
443,Cary,Chrichton,cchrichtonca@nationalgeographic.com,Male,87.103.14.56
444,Claribel,Easson,ceassoncb@moonfruit.com,Female,68.187.39.191
445,Kiel,Grishakov,kgrishakovcc@globo.com,Male,127.86.159.86
446,Angelo,Ladley,aladleycd@flavors.me,Bigender,177.133.136.117
447,Rufe,Coneybeare,rconeybearece@telegraph.co.uk,Male,223.209.136.121
448,Glynnis,Kermon,gkermoncf@businessweek.com,Female,97.4.208.24
449,Millicent,Hitzmann,mhitzmanncg@youtube.com,Female,78.149.23.3
450,Aluino,Olland,aollandch@answers.com,Male,2.51.5.196
451,Olav,Scatchard,oscatchardci@usa.gov,Male,99.140.172.198
452,Conni,Stilliard,cstilliardcj@hhs.gov,Female,224.176.109.221
453,Gay,MacDougall,gmacdougallck@barnesandnoble.com,Male,220.130.241.231
454,Dwain,Priestman,dpriestmancl@hubpages.com,Male,71.26.242.210
455,Ricki,Grono,rgronocm@ed.gov,Male,247.202.133.93
456,Elfreda,Woodnutt,ewoodnuttcn@eepurl.com,Female,44.156.57.153
457,Duff,Seargeant,dseargeantco@smugmug.com,Male,243.43.219.50
458,Quill,Rebeiro,qrebeirocp@gov.uk,Male,211.234.0.108
459,Doria,Dunlop,ddunlopcq@webnode.com,Female,197.43.215.229
460,Nils,Nutton,nnuttoncr@icq.com,Male,154.193.64.206
461,Jacinthe,Perrington,jperringtoncs@intel.com,Female,161.25.132.19
462,Dita,Oliveti,dolivetict@virginia.edu,Female,79.6.8.187
463,Keary,Franzetti,kfranzetticu@apache.org,Male,235.4.53.55
464,Loy,Ardley,lardleycv@51.la,Male,253.173.155.11
465,Elsy,Pinnion,epinnioncw@bbc.co.uk,Female,10.233.246.5
466,Lola,Seeborne,lseebornecx@howstuffworks.com,Female,18.172.179.130
467,Deanne,Silkstone,dsilkstonecy@squarespace.com,Female,167.42.63.193
468,Cecil,Glyde,cglydecz@shop-pro.jp,Male,240.172.222.127
469,Neely,Pittendreigh,npittendreighd0@meetup.com,Female,217.80.95.242
470,Arni,Barwise,abarwised1@cdc.gov,Non-binary,171.32.178.176
471,Kleon,Aingel,kaingeld2@sourceforge.net,Male,217.35.201.146
472,Maure,Balhatchet,mbalhatchetd3@devhub.com,Female,163.250.135.212
473,Shurwood,Pimlott,spimlottd4@hhs.gov,Genderqueer,248.8.156.6
474,Ivan,Esby,iesbyd5@wiley.com,Male,237.243.166.96
475,Veronika,Hearfield,vhearfieldd6@seattletimes.com,Female,163.28.180.55
476,Bastien,Adkin,badkind7@soundcloud.com,Male,211.14.226.4
477,Arly,Naulty,anaultyd8@huffingtonpost.com,Female,153.154.179.81
478,Rosita,Harland,rharlandd9@yahoo.com,Female,138.214.65.131
479,Kimmy,Hanmer,khanmerda@dyndns.org,Female,18.80.148.6
480,Cassius,Kilmary,ckilmarydb@shinystat.com,Male,76.124.93.45
481,Cynthie,Lear,cleardc@time.com,Female,27.119.160.196
482,Glendon,Lynn,glynndd@jimdo.com,Male,116.207.243.188
483,Veda,Fishbie,vfishbiede@sciencedaily.com,Non-binary,159.237.19.176
484,Lita,Wimmer,lwimmerdf@miibeian.gov.cn,Female,230.146.193.204
485,Raimondo,Luetkemeyer,rluetkemeyerdg@godaddy.com,Male,117.44.111.54
486,Balduin,Tibbles,btibblesdh@shop-pro.jp,Male,162.72.62.147
487,Laurens,Mushart,lmushartdi@businessweek.com,Male,201.93.23.10
488,Loraine,Deniset,ldenisetdj@mapquest.com,Non-binary,48.249.51.48
489,Christen,Sollam,csollamdk@e-recht24.de,Female,129.111.252.223
490,Kissie,Dahmke,kdahmkedl@tripadvisor.com,Female,48.211.206.194
491,Murial,Tack,mtackdm@canalblog.com,Genderqueer,104.180.141.75
492,Mortie,Gilstin,mgilstindn@fotki.com,Male,237.24.8.121
493,Portia,Thomke,pthomkedo@vistaprint.com,Female,75.230.127.67
494,Yanaton,Giovannacc@i,ygiovannaccidp@issuu.com,Male,23.11.0.81
495,Kellsie,Keysall,kkeysalldq@bravesites.com,Female,238.120.42.248
496,Cati,Birchill,cbirchilldr@economist.com,Polygender,233.44.131.249
497,Northrop,Cornejo,ncornejods@t.co,Male,174.122.20.87
498,Maurits,Linde,mlindedt@example.com,Male,228.42.118.151
499,Carla,Boman,cbomandu@amazonaws.com,Female,212.191.133.136
500,Domeniga,Postles,dpostlesdv@examiner.com,Bigender,107.83.84.121
501,Helenelizabeth,Andrejevic,handrejevicdw@twitpic.com,Female,181.139.195.78
502,Hebert,De Dantesie,hdedantesiedx@yahoo.com,Genderqueer,233.18.159.74
503,Theo,Dunnion,tdunniondy@theguardian.com,Non-binary,104.50.158.140
504,Tadio,Pimblett,tpimblettdz@clickbank.net,Bigender,156.227.175.236
505,Kinny,Sirett,ksirette0@mediafire.com,Male,204.58.166.103
506,Kenn,Lumsden,klumsdene1@infoseek.co.jp,Male,144.95.201.36
507,Cherise,Gosnay,cgosnaye2@people.com.cn,Female,67.219.104.247
508,Jacqui,Burdytt,jburdytte3@foxnews.com,Female,196.39.7.116
509,Reuben,Brundill,rbrundille4@nsw.gov.au,Male,154.2.117.198
510,Bruce,Kirkam,bkirkame5@epa.gov,Male,47.110.31.28
511,Krystyna,Collibear,kcollibeare6@bizjournals.com,Female,245.72.249.127
512,Myer,Cavie,mcaviee7@nytimes.com,Male,122.153.13.133
513,Desmond,Povah,dpovahe8@google.ru,Male,157.160.59.39
514,Zebedee,Roberds,zroberdse9@upenn.edu,Male,82.145.100.62
515,Gaspar,Rowles,growlesea@lulu.com,Male,214.211.108.194
516,Laina,Caren,lcareneb@google.com,Female,150.50.129.205
517,Selig,Clemont,sclemontec@discuz.net,Male,61.157.135.252
518,Elwyn,Gownge,egowngeed@list-manage.com,Male,83.10.255.41
519,Thorndike,Hember,themberee@hugedomains.com,Male,126.63.67.153
520,Debera,Tankin,dtankinef@godaddy.com,Female,199.36.204.74
521,Garret,Pagon,gpagoneg@about.com,Bigender,14.212.217.240
522,Skelly,Phonix,sphonixeh@admin.ch,Male,124.236.78.230
523,Jonell,Grumbridge,jgrumbridgeei@rambler.ru,Female,100.237.81.19
524,Byran,Howley,bhowleyej@ebay.co.uk,Male,18.11.187.41
525,Dyann,Radmer,dradmerek@shutterfly.com,Female,57.148.5.39
526,Northrup,Nester,nnesterel@barnesandnoble.com,Male,2.225.97.226
527,Torrie,Heath,theathem@hp.com,Female,69.66.142.165
528,Chelsy,Tripney,ctripneyen@mapquest.com,Female,82.228.50.167
529,Doralia,Havill,dhavilleo@state.tx.us,Female,49.4.162.20
530,Doroteya,Foli,dfoliep@dedecms.com,Female,116.144.203.71
531,Miguelita,Whitcomb,mwhitcombeq@chicagotribune.com,Female,4.12.248.119
532,Thomas,Hodges,thodgeser@marriott.com,Male,218.230.105.38
533,Ed,Plom,eplomes@amazonaws.com,Male,180.2.3.227
534,Rosette,McAmish,rmcamishet@wordpress.com,Female,13.145.78.112
535,Barbey,Yoell,byoelleu@google.co.uk,Female,146.110.197.209
536,Casey,D'Oyley,cdoyleyev@domainmarket.com,Male,135.199.170.38
537,Nicolle,Chamberlin,nchamberlinew@mashable.com,Female,228.190.177.238
538,Tammara,Wing,twingex@usda.gov,Female,18.218.206.26
539,Beltran,Embury,bemburyey@fotki.com,Male,99.52.238.24
540,Reamonn,Cafe,rcafeez@rediff.com,Male,245.238.225.136
541,Amandi,Lawrenceson,alawrencesonf0@nsw.gov.au,Female,201.159.222.126
542,Gilbertine,Beedham,gbeedhamf1@topsy.com,Female,80.242.198.208
543,Aharon,Girardez,agirardezf2@google.cn,Male,179.235.192.217
544,Eugenie,Bramont,ebramontf3@diigo.com,Female,119.98.110.254
545,Silvester,Dermot,sdermotf4@bizjournals.com,Male,112.106.203.226
546,Diarmid,Lachaize,dlachaizef5@blogspot.com,Male,44.2.115.32
547,Bennett,Doumerc,bdoumercf6@youtube.com,Male,88.214.165.40
548,Dominique,Tonbridge,dtonbridgef7@cbslocal.com,Female,119.201.40.79
549,Efrem,Fidele,efidelef8@psu.edu,Male,25.197.243.9
550,Othelia,Denford,odenfordf9@economist.com,Female,130.129.57.126
551,Shay,Mulrooney,smulrooneyfa@jigsy.com,Male,255.84.199.37
552,Mathias,Hyder,mhyderfb@fastcompany.com,Male,243.114.206.195
553,Keelby,Caple,kcaplefc@godaddy.com,Male,122.142.48.189
554,Hendrik,McGeachie,hmcgeachiefd@cloudflare.com,Male,165.146.171.77
555,Almire,Gauthorpp,agauthorppfe@bandcamp.com,Female,138.248.72.248
556,Ketty,Backshaw,kbackshawff@last.fm,Female,36.206.1.218
557,Donaugh,Bonome,dbonomefg@privacy.gov.au,Male,21.2.65.38
558,Terrel,Dilgarno,tdilgarnofh@cam.ac.uk,Male,72.204.107.25
559,Kellina,Meineck,kmeineckfi@senate.gov,Female,20.156.41.21
560,Zacharias,Rudsdell,zrudsdellfj@google.de,Male,233.197.115.107
561,Keary,Ironside,kironsidefk@usa.gov,Male,185.199.33.158
562,Herby,Hundell,hhundellfl@icq.com,Male,50.230.95.21
563,Alana,Frigout,afrigoutfm@alexa.com,Female,11.189.145.170
564,Silva,Roulston,sroulstonfn@rakuten.co.jp,Female,201.192.163.141
565,Dionysus,Sigars,dsigarsfo@reddit.com,Male,112.24.190.26
566,David,McGannon,dmcgannonfp@e-recht24.de,Bigender,13.45.109.75
567,Farris,Shooter,fshooterfq@nhs.uk,Bigender,22.119.17.41
568,Judon,Fairburne,jfairburnefr@blogtalkradio.com,Male,133.187.70.58
569,Benedetto,Schlagtmans,bschlagtmansfs@hatena.ne.jp,Bigender,186.180.203.186
570,Neville,Newiss,nnewissft@hugedomains.com,Bigender,229.192.95.22
571,Zak,Lowless,zlowlessfu@miitbeian.gov.cn,Male,176.210.219.135
572,Roderich,Donke,rdonkefv@sbwire.com,Male,252.208.83.51
573,Garrott,Vanyashkin,gvanyashkinfw@slate.com,Male,204.144.90.247
574,Lauryn,Izakson,lizaksonfx@feedburner.com,Female,244.218.103.160
575,Tresa,Roll,trollfy@dailymail.co.uk,Female,100.176.88.236
576,Sandy,Rennison,srennisonfz@ehow.com,Male,202.191.226.51
577,Culley,Raddan,craddang0@independent.co.uk,Male,103.73.66.123
578,Rusty,Wasteney,rwasteneyg1@yellowbook.com,Male,152.160.1.150
579,Bearnard,Broadwell,bbroadwellg2@salon.com,Male,44.55.104.212
580,Staffard,Reubel,sreubelg3@nba.com,Male,78.39.100.92
581,Sibeal,Rubega,srubegag4@mac.com,Female,191.80.83.24
582,Tallie,Bunson,tbunsong5@angelfire.com,Male,94.134.50.11
583,Roy,Teenan,rteenang6@marketwatch.com,Male,92.156.105.165
584,Deva,Farreil,dfarreilg7@cargocollective.com,Female,122.58.144.21
585,Hort,Espie,hespieg8@ebay.co.uk,Male,33.145.246.3
586,Elmira,Curtois,ecurtoisg9@alexa.com,Female,162.65.65.176
587,Susie,Mc Trusty,smctrustyga@imageshack.us,Non-binary,164.23.39.237
588,Sheri,Aksell,saksellgb@youtube.com,Female,192.113.14.156
589,Cesar,Dy,cdygc@meetup.com,Male,27.110.99.91
590,Benji,Gianni,bgiannigd@mlb.com,Male,230.139.148.68
591,Lanette,Manders,lmandersge@drupal.org,Female,2.50.46.95
592,Basilio,Copcott,bcopcottgf@marketwatch.com,Male,7.248.15.7
593,Munmro,Sporton,msportongg@pbs.org,Male,240.36.205.180
594,Graham,Rodway,grodwaygh@addthis.com,Male,212.53.22.157
595,Tann,Ovens,tovensgi@prnewswire.com,Male,255.60.103.128
596,Marco,Joutapavicius,mjoutapaviciusgj@mozilla.com,Male,228.227.210.5
597,Rodrique,Dermott,rdermottgk@berkeley.edu,Male,88.170.102.46
598,Renato,Sacker,rsackergl@reddit.com,Male,41.143.232.213
599,Guglielma,Nabarro,gnabarrogm@jimdo.com,Female,168.201.127.172
600,Amara,Glassup,aglassupgn@freewebs.com,Female,242.81.41.151
601,Natka,Clarson,nclarsongo@yelp.com,Bigender,70.147.192.142
602,Benjie,Bargery,bbargerygp@shutterfly.com,Male,118.236.175.119
603,Nealson,Wickins,nwickinsgq@homestead.com,Bigender,44.128.52.33
604,Courtney,Crum,ccrumgr@moonfruit.com,Male,132.222.214.82
605,Nathalia,Gascoigne,ngascoignegs@vk.com,Female,123.225.21.190
606,Jolene,Arderne,jardernegt@dmoz.org,Female,11.188.240.246
607,Nadine,Charlot,ncharlotgu@dell.com,Female,147.239.142.115
608,Eolande,Drewson,edrewsongv@illinois.edu,Female,232.180.49.195
609,Aliza,Gebb,agebbgw@yandex.ru,Female,185.196.200.159
610,Tawnya,Westell,twestellgx@nationalgeographic.com,Female,126.32.106.170
611,Diane-marie,Cashell,dcashellgy@amazon.com,Female,159.49.73.112
612,Nettle,Roskelly,nroskellygz@salon.com,Female,29.183.174.219
613,Zabrina,Patron,zpatronh0@tripod.com,Female,168.5.31.132
614,Selena,Dybald,sdybaldh1@photobucket.com,Female,71.104.217.248
615,Dorelia,Tomisch,dtomischh2@exblog.jp,Female,149.154.82.93
616,Devlen,Carass,dcarassh3@sakura.ne.jp,Male,100.143.245.210
617,Roxy,Hayller,rhayllerh4@stumbleupon.com,Female,4.48.176.129
618,Page,Hawket,phawketh5@state.tx.us,Female,219.210.241.9
619,Perl,Feldmann,pfeldmannh6@csmonitor.com,Genderqueer,134.14.139.243
620,Gaspar,Lefeaver,glefeaverh7@japanpost.jp,Bigender,59.69.32.187
621,Hebert,Drinkhall,hdrinkhallh8@ehow.com,Male,199.59.146.37
622,Tilly,Fullard,tfullardh9@shareasale.com,Female,209.106.15.239
623,Rebecca,Siburn,rsiburnha@yelp.com,Female,19.57.89.16
624,Lonny,Powdrell,lpowdrellhb@businessinsider.com,Male,68.46.224.146
625,Phillie,Coltart,pcoltarthc@adobe.com,Female,217.49.185.67
626,Gerty,Heggison,gheggisonhd@plala.or.jp,Female,233.51.37.168
627,Llewellyn,Gibb,lgibbhe@creativecommons.org,Male,159.152.126.157
628,Garvey,Sweetman,gsweetmanhf@acquirethisname.com,Male,128.235.9.2
629,Diena,Kingswood,dkingswoodhg@seattletimes.com,Female,206.163.144.86
630,Ade,Bish,abishhh@illinois.edu,Male,182.88.217.250
631,Jeffie,Guynemer,jguynemerhi@wisc.edu,Male,241.18.214.143
632,Sheri,Rosenstengel,srosenstengelhj@pagesperso-orange.fr,Female,115.162.105.128
633,Nikolaos,Batrip,nbatriphk@tinypic.com,Male,14.107.219.111
634,Dyna,Cuesta,dcuestahl@google.com.hk,Female,60.94.12.216
635,Faunie,Lavalle,flavallehm@phpbb.com,Female,10.153.189.200
636,Winny,Winters,wwintershn@mlb.com,Male,216.213.112.14
637,Lily,Cuddihy,lcuddihyho@cdc.gov,Female,206.51.197.117
638,Cale,Iggo,ciggohp@pinterest.com,Male,17.120.121.100
639,Gussi,Johananoff,gjohananoffhq@ameblo.jp,Female,44.122.49.200
640,Dana,Ruffey,druffeyhr@paypal.com,Male,158.241.247.222
641,Carol,Baynton,cbayntonhs@netscape.com,Female,216.150.177.247
642,Junina,Watterson,jwattersonht@plala.or.jp,Female,238.73.79.32
643,Cassie,Fernez,cfernezhu@npr.org,Female,131.203.93.175
644,Nelle,Bernaert,nbernaerthv@etsy.com,Female,209.43.109.178
645,Darrell,Dufton,dduftonhw@google.com,Non-binary,108.88.70.104
646,Kermie,Rielly,kriellyhx@clickbank.net,Male,1.53.33.81
647,Penny,Guilfoyle,pguilfoylehy@gnu.org,Male,171.18.149.196
648,Denney,Vickarman,dvickarmanhz@tinyurl.com,Male,118.88.69.157
649,Dave,Martina,dmartinai0@wisc.edu,Male,84.193.91.174
650,Antonietta,Conechie,aconechiei1@opensource.org,Female,84.67.246.91
651,Paule,Lipman,plipmani2@mozilla.com,Female,233.14.246.106
652,Tanner,Ferguson,tfergusoni3@themeforest.net,Male,85.128.165.115
653,Saunders,Johnys,sjohnysi4@bloglovin.com,Male,128.62.65.131
654,Frazier,Zack,fzacki5@comsenz.com,Male,192.169.190.139
655,Laure,Dunton,lduntoni6@live.com,Female,64.115.80.61
656,Sandye,Dalligan,sdalligani7@github.io,Female,100.10.173.248
657,Morton,Abels,mabelsi8@virginia.edu,Male,181.107.125.151
658,Ethelyn,McAlester,emcalesteri9@sphinn.com,Female,147.254.65.191
659,Maurits,Charpling,mcharplingia@taobao.com,Male,91.42.213.75
660,Mathias,Toma,mtomaib@myspace.com,Male,5.175.96.25
661,Fawn,Heales,fhealesic@engadget.com,Female,218.184.96.80
662,Siobhan,Marrow,smarrowid@csmonitor.com,Female,232.95.200.219
663,Prentiss,Livett,plivettie@time.com,Male,1.57.66.128
664,Archibold,Kmietsch,akmietschif@altervista.org,Male,63.136.190.33
665,Winona,Lettington,wlettingtonig@loc.gov,Female,187.78.87.177
666,Cully,Barrable,cbarrableih@archive.org,Male,227.222.95.10
667,Cassius,Yggo,cyggoii@dagondesign.com,Male,161.205.38.250
668,Wynne,Ramelot,wramelotij@behance.net,Female,156.54.102.161
669,Montague,Picopp,mpicoppik@cafepress.com,Male,39.71.109.58
670,Luca,Stoter,lstoteril@youtu.be,Male,213.157.106.87
671,Vicki,Stokoe,vstokoeim@si.edu,Female,193.166.212.71
672,Dew,Lillie,dlilliein@ibm.com,Male,185.36.69.140
673,Quentin,De Cruze,qdecruzeio@slideshare.net,Male,158.144.169.133
674,Karol,Halle,khalleip@naver.com,Female,45.118.166.212
675,Jacquie,Ganford,jganfordiq@arstechnica.com,Female,57.165.121.142
676,Sigfrid,Fenech,sfenechir@wordpress.org,Male,109.94.226.97
677,Mersey,Eadon,meadonis@simplemachines.org,Female,29.66.108.10
678,Ivett,Snelgrove,isnelgroveit@friendfeed.com,Female,51.186.19.197
679,Duky,Adriano,dadrianoiu@w3.org,Male,80.27.151.61
680,Urbano,Heald,uhealdiv@so-net.ne.jp,Polygender,39.253.9.5
681,Fanchon,Vint,fvintiw@reference.com,Female,127.89.17.180
682,Gabriel,Leeves,gleevesix@macromedia.com,Female,202.70.148.84
683,Ruthie,Exer,rexeriy@vkontakte.ru,Female,136.112.194.155
684,Allin,Swinfen,aswinfeniz@mapy.cz,Male,30.241.247.126
685,Barry,Headingham,bheadinghamj0@noaa.gov,Male,89.67.128.24
686,Dorrie,Staite,dstaitej1@umich.edu,Female,96.43.197.123
687,Mateo,Tonbye,mtonbyej2@ameblo.jp,Male,119.68.111.141
688,Pebrook,Relton,preltonj3@cargocollective.com,Male,113.81.63.55
689,Emeline,Adamolli,eadamollij4@storify.com,Female,221.48.127.74
690,Liv,Iacovazzi,liacovazzij5@google.co.uk,Female,241.113.48.124
691,Jamaal,Rosnau,jrosnauj6@msn.com,Male,1.73.25.49
692,Victor,Kyston,vkystonj7@alibaba.com,Male,115.221.116.182
693,Bucky,Hitzmann,bhitzmannj8@exblog.jp,Male,44.68.235.87
694,Hewe,Fraczak,hfraczakj9@illinois.edu,Male,71.208.140.140
695,Lenna,Samart,lsamartja@mapquest.com,Female,228.227.204.238
696,Happy,Shord,hshordjb@msn.com,Genderqueer,22.238.180.184
697,Weston,Esel,weseljc@aol.com,Male,157.51.206.179
698,Cairistiona,Kunath,ckunathjd@google.es,Female,234.63.204.125
699,Filmer,Sargerson,fsargersonje@yale.edu,Male,80.196.4.109
700,Bell,Reichert,breichertjf@unc.edu,Female,141.227.74.76
701,Parke,McGarvie,pmcgarviejg@addtoany.com,Non-binary,84.214.153.200
702,Hazel,Yeskin,hyeskinjh@kickstarter.com,Male,39.28.116.80
703,Morten,Cumber,mcumberji@ox.ac.uk,Male,233.122.16.245
704,Devin,Moss,dmossjj@ameblo.jp,Female,85.41.197.90
705,Willa,Haensel,whaenseljk@odnoklassniki.ru,Female,159.199.171.14
706,Garrik,Davenport,gdavenportjl@lulu.com,Male,195.110.53.208
707,Ernesto,Whyteman,ewhytemanjm@moonfruit.com,Male,17.23.199.250
708,Hastie,MacDunlevy,hmacdunlevyjn@sohu.com,Male,36.225.105.190
709,Bruis,Brockley,bbrockleyjo@unicef.org,Male,17.230.64.1
710,Gun,Hobben,ghobbenjp@aol.com,Male,210.221.235.232
711,Lura,Danilenko,ldanilenkojq@uiuc.edu,Non-binary,184.125.219.16
712,Alison,Dransfield,adransfieldjr@g.co,Female,142.55.58.190
713,Agretha,Bernucci,abernuccijs@odnoklassniki.ru,Female,0.142.232.177
714,Hazel,Maddrah,hmaddrahjt@a8.net,Female,32.247.102.19
715,Kelsey,Hearn,khearnju@plala.or.jp,Male,52.227.184.69
716,Wynn,Handes,whandesjv@xinhuanet.com,Female,244.255.146.0
717,Gelya,Stoffels,gstoffelsjw@desdev.cn,Female,3.73.220.154
718,Dev,Duggon,dduggonjx@wix.com,Male,234.124.252.69
719,Austina,McGloin,amcgloinjy@nps.gov,Female,134.195.117.253
720,Caz,Whyley,cwhyleyjz@washingtonpost.com,Male,172.44.199.192
721,Boigie,Alanbrooke,balanbrookek0@ask.com,Male,250.70.235.42
722,Meyer,Ratt,mrattk1@opensource.org,Male,47.29.123.130
723,Merridie,Frohock,mfrohockk2@ezinearticles.com,Female,64.223.204.217
724,Pet,Elcome,pelcomek3@miibeian.gov.cn,Female,12.124.47.170
725,Sandie,Merington,smeringtonk4@utexas.edu,Female,190.175.201.30
726,Antin,Maffetti,amaffettik5@gravatar.com,Male,241.43.177.183
727,Gates,Oene,goenek6@1und1.de,Female,129.96.185.112
728,Flossy,Teek,fteekk7@nydailynews.com,Female,32.128.176.56
729,Leonardo,Boissieux,lboissieuxk8@dell.com,Non-binary,241.110.222.189
730,Toni,Hyder,thyderk9@merriam-webster.com,Female,139.26.240.219
731,Margaretta,Kinzett,mkinzettka@flickr.com,Female,137.2.190.26
732,Rory,Laybourn,rlaybournkb@surveymonkey.com,Male,86.69.243.150
733,Lodovico,Raysdale,lraysdalekc@sourceforge.net,Male,43.82.21.28
734,Vaclav,Toynbee,vtoynbeekd@paginegialle.it,Genderfluid,171.167.69.205
735,Pablo,Lightbowne,plightbowneke@squarespace.com,Male,27.27.87.31
736,Ignace,Worg,iworgkf@wsj.com,Genderqueer,132.169.153.66
737,Richie,Fairbourn,rfairbournkg@t.co,Male,134.89.234.37
738,Horton,Chatwin,hchatwinkh@cbslocal.com,Male,248.153.212.95
739,Dunc,Revell,drevellki@elegantthemes.com,Male,127.215.53.90
740,Ermanno,Grunnell,egrunnellkj@google.com.au,Male,14.255.223.14
741,Lennie,Dron,ldronkk@dailymail.co.uk,Male,138.137.218.55
742,Ferdinanda,Backs,fbackskl@bluehost.com,Agender,157.146.84.152
743,Noe,Karpinski,nkarpinskikm@unesco.org,Male,80.75.38.91
744,Heloise,Pettegree,hpettegreekn@jugem.jp,Female,2.223.173.226
745,Odelia,Pickle,opickleko@miitbeian.gov.cn,Female,242.86.79.111
746,Alfonse,Cowie,acowiekp@friendfeed.com,Male,43.222.91.213
747,Morna,Feuell,mfeuellkq@arizona.edu,Female,78.177.77.227
748,Ealasaid,Calliss,ecallisskr@google.com.hk,Female,192.161.122.180
749,Hesther,Madders,hmaddersks@statcounter.com,Female,106.89.185.108
750,Zuzana,Mussetti,zmussettikt@ehow.com,Female,246.191.2.236
751,Isidoro,Lorey,iloreyku@amazon.co.uk,Male,6.102.229.135
752,Loise,Parmenter,lparmenterkv@virginia.edu,Female,147.241.247.35
753,Brit,Littefair,blittefairkw@skyrock.com,Male,241.17.164.191
754,Devina,Welden,dweldenkx@cisco.com,Female,204.40.139.152
755,Noami,Brafield,nbrafieldky@oakley.com,Female,71.95.237.42
756,Constancia,Armell,carmellkz@feedburner.com,Female,99.218.82.10
757,Amalita,Feasley,afeasleyl0@t-online.de,Female,142.186.34.41
758,Humphrey,Skace,hskacel1@constantcontact.com,Male,132.160.239.142
759,Deina,Binstead,dbinsteadl2@unicef.org,Female,25.20.1.15
760,Dore,Mosson,dmossonl3@cargocollective.com,Female,249.146.93.34
761,Waiter,Boag,wboagl4@wikimedia.org,Male,76.56.151.61
762,Annora,Gallen,agallenl5@people.com.cn,Female,92.166.139.62
763,Sigfried,Otterwell,sotterwelll6@latimes.com,Male,166.64.82.192
764,Charissa,Klimkov,cklimkovl7@xrea.com,Female,64.241.225.103
765,Lorens,Grimsey,lgrimseyl8@harvard.edu,Male,229.37.139.124
766,Siffre,Bartali,sbartalil9@com.com,Male,142.70.32.224
767,Christos,Bellison,cbellisonla@cnet.com,Genderfluid,111.41.119.252
768,Lark,Conkay,lconkaylb@hatena.ne.jp,Agender,102.192.165.119
769,Sutherland,Wall,swalllc@imageshack.us,Male,130.174.40.163
770,Bee,O'Tierney,botierneyld@etsy.com,Female,168.59.113.114
771,Merna,McTear,mmctearle@dot.gov,Female,247.48.122.168
772,Taite,Smeed,tsmeedlf@skyrock.com,Genderqueer,173.98.68.183
773,Leigh,Witt,lwittlg@geocities.com,Male,220.203.252.199
774,Ronica,Corness,rcornesslh@japanpost.jp,Female,46.118.100.121
775,Phillida,Bemment,pbemmentli@lulu.com,Female,55.164.176.159
776,Lucas,Mawford,lmawfordlj@unicef.org,Male,207.105.188.124
777,Bethany,Nansom,bnansomlk@smh.com.au,Genderfluid,254.122.239.233
778,Joeann,Screen,jscreenll@geocities.jp,Female,147.164.46.184
779,Nancey,Lewisham,nlewishamlm@newyorker.com,Female,33.62.9.157
780,Agatha,Pyson,apysonln@admin.ch,Female,253.60.228.105
781,Renaud,Dullaghan,rdullaghanlo@google.com.br,Male,120.110.213.198
782,Ebony,Klimus,eklimuslp@si.edu,Female,188.6.174.212
783,Coreen,Condy,ccondylq@dailymail.co.uk,Female,121.25.78.178
784,Bartram,Elt,beltlr@senate.gov,Male,167.119.135.1
785,Karney,Dourin,kdourinls@msn.com,Male,43.1.77.91
786,Randy,Cree,rcreelt@xing.com,Female,183.163.107.99
787,Cleavland,Fever,cfeverlu@nba.com,Male,208.63.5.103
788,Shane,De Ferraris,sdeferrarislv@engadget.com,Female,252.191.44.206
789,Danya,Ruddy,druddylw@mit.edu,Male,109.34.98.193
790,Tiffani,Comazzo,tcomazzolx@g.co,Female,25.140.23.190
791,Johnette,Akitt,jakittly@twitpic.com,Female,80.233.244.68
792,Norma,Donati,ndonatilz@businessinsider.com,Female,75.32.168.247
793,Haroun,Gabb,hgabbm0@sourceforge.net,Male,18.147.50.90
794,Vikki,Wortley,vwortleym1@zimbio.com,Genderfluid,62.44.58.34
795,Haydon,Bracknell,hbracknellm2@theglobeandmail.com,Male,191.147.178.109
796,Reuven,Rafe,rrafem3@live.com,Male,177.136.88.16
797,Charin,Beste,cbestem4@cbc.ca,Female,109.39.214.140
798,Finley,Boatwright,fboatwrightm5@flickr.com,Male,19.227.0.152
799,Lorens,Fauning,lfauningm6@twitpic.com,Male,48.88.71.134
800,Willis,Brodhead,wbrodheadm7@unc.edu,Male,90.158.192.0
801,Earlie,Geram,egeramm8@google.it,Male,158.221.4.241
802,Shamus,Maciejak,smaciejakm9@microsoft.com,Male,16.220.183.220
803,Roi,Battisson,rbattissonma@github.io,Polygender,216.149.209.198
804,Sigismundo,Seely,sseelymb@mayoclinic.com,Male,90.65.131.79
805,Tammie,Semarke,tsemarkemc@princeton.edu,Male,157.176.105.61
806,Sasha,Chadburn,schadburnmd@1688.com,Female,87.169.47.68
807,Nada,Honywill,nhonywillme@dyndns.org,Female,145.7.186.81
808,Trista,Ashment,tashmentmf@ycombinator.com,Genderqueer,255.100.10.63
809,Alanson,Hubbucke,ahubbuckemg@mapquest.com,Male,167.123.148.205
810,Siward,Lomasney,slomasneymh@behance.net,Male,27.63.250.149
811,Nate,Brunelleschi,nbrunelleschimi@creativecommons.org,Male,3.154.120.77
812,Zelda,Stealfox,zstealfoxmj@cocolog-nifty.com,Female,51.104.29.25
813,Kessiah,Kidman,kkidmanmk@barnesandnoble.com,Female,85.73.229.163
814,Gage,Parfett,gparfettml@spotify.com,Male,182.77.46.207
815,Lin,Clausen,lclausenmm@topsy.com,Female,39.145.148.33
816,Pryce,Dumphry,pdumphrymn@bing.com,Male,103.157.245.186
817,Oralie,Francklin,ofrancklinmo@xinhuanet.com,Female,130.211.98.172
818,Sutherland,Dumingos,sdumingosmp@etsy.com,Male,14.183.242.207
819,Yettie,Slaight,yslaightmq@facebook.com,Female,207.186.111.233
820,Glynnis,Kiera,gkieramr@nba.com,Female,58.128.190.157
821,Gennifer,Enderle,genderlems@scientificamerican.com,Female,55.71.140.58
822,Allyn,Clara,aclaramt@blinklist.com,Male,237.100.201.190
823,Donaugh,Trevains,dtrevainsmu@ehow.com,Male,119.12.162.16
824,Frederico,Accum,faccummv@goo.ne.jp,Male,61.245.38.21
825,Sabina,Land,slandmw@exblog.jp,Female,92.20.152.74
826,Jule,Procter,jproctermx@fc2.com,Male,234.105.227.183
827,Perceval,Conlaund,pconlaundmy@ucoz.ru,Male,46.145.151.227
828,Sibylla,Peiser,speisermz@domainmarket.com,Female,177.229.159.209
829,Gussie,Donaher,gdonahern0@furl.net,Female,87.112.132.67
830,Rebeka,Casellas,rcasellasn1@newsvine.com,Female,141.122.130.83
831,Urbanus,Mattheis,umattheisn2@youku.com,Male,206.34.4.1
832,Shelden,Badman,sbadmann3@theguardian.com,Male,5.67.53.222
833,Loree,Rosewall,lrosewalln4@nba.com,Female,29.161.200.87
834,Melony,Lubbock,mlubbockn5@usa.gov,Female,81.5.89.129
835,Ernst,Jendricke,ejendricken6@lulu.com,Male,73.170.59.146
836,Goldie,Kempster,gkempstern7@walmart.com,Female,142.216.66.255
837,Kristine,Preedy,kpreedyn8@scribd.com,Female,10.80.57.72
838,Cathryn,Joseland,cjoselandn9@seesaa.net,Female,227.229.213.244
839,Carlie,De Cruz,cdecruzna@mtv.com,Male,86.155.99.247
840,Orsola,Samwaye,osamwayenb@yelp.com,Female,226.53.114.193
841,Anne,Rattrie,arattrienc@godaddy.com,Female,231.209.60.72
842,Keary,Itzchaki,kitzchakind@java.com,Male,217.110.225.42
843,Clementius,Di Bernardo,cdibernardone@blogs.com,Male,117.103.148.198
844,Tremain,Richards,trichardsnf@comcast.net,Male,236.34.99.127
845,Athene,Buxsy,abuxsyng@google.cn,Non-binary,55.84.94.129
846,Benedetta,Overall,boverallnh@hhs.gov,Female,213.95.162.129
847,Caro,Enderle,cenderleni@mysql.com,Female,79.216.194.26
848,Chic,Shropshire,cshropshirenj@imdb.com,Male,159.131.142.71
849,Tildi,Georghiou,tgeorghiounk@cmu.edu,Genderfluid,100.238.34.106
850,Arlene,Kitchingman,akitchingmannl@cam.ac.uk,Female,99.192.3.107
851,Gearard,Edeler,gedelernm@sourceforge.net,Male,16.50.146.159
852,Amalle,Kimblin,akimblinnn@huffingtonpost.com,Female,150.220.10.28
853,Josephine,Dach,jdachno@nasa.gov,Genderfluid,55.244.197.38
854,Celestia,Lidgertwood,clidgertwoodnp@istockphoto.com,Female,186.162.255.114
855,Xymenes,Kenson,xkensonnq@unblog.fr,Male,198.139.199.25
856,Daron,Boodle,dboodlenr@spiegel.de,Male,142.106.180.69
857,Cindee,Chadwen,cchadwenns@dyndns.org,Female,6.202.39.99
858,Denny,Beddon,dbeddonnt@so-net.ne.jp,Female,57.4.4.58
859,Westley,Turfitt,wturfittnu@tripod.com,Male,218.242.38.127
860,Tiffany,Boyet,tboyetnv@elpais.com,Female,248.140.227.89
861,Lewie,Lowten,llowtennw@storify.com,Male,216.188.127.119
862,Monti,Gasnell,mgasnellnx@skyrock.com,Male,206.219.141.34
863,Vince,Husselbee,vhusselbeeny@ameblo.jp,Male,47.123.229.155
864,Simeon,Luc,slucnz@ox.ac.uk,Male,55.4.165.191
865,Blake,Gwynne,bgwynneo0@springer.com,Male,164.161.55.143
866,Gates,Grissett,ggrissetto1@reddit.com,Female,34.19.183.227
867,Rick,Jenkyn,rjenkyno2@cornell.edu,Male,222.5.124.75
868,Ignaz,Cholwell,icholwello3@so-net.ne.jp,Male,16.73.32.120
869,Alex,Bowfin,abowfino4@bravesites.com,Female,170.163.86.5
870,Stacy,Faltin,sfaltino5@webeden.co.uk,Non-binary,220.49.146.161
871,Willey,McManamen,wmcmanameno6@moonfruit.com,Non-binary,186.241.105.177
872,Terrijo,Hugnet,thugneto7@cnet.com,Female,82.176.191.9
873,Thibaut,Cereceres,tcerecereso8@hibu.com,Male,145.248.18.122
874,Holt,Denton,hdentono9@deviantart.com,Male,30.180.208.10
875,Gabbie,Eggleston,gegglestonoa@state.gov,Female,104.203.87.156
876,Archibaldo,Petzolt,apetzoltob@comsenz.com,Male,60.139.99.236
877,Eydie,Morriss,emorrissoc@springer.com,Genderqueer,103.66.88.105
878,Jackquelin,McClifferty,jmccliffertyod@timesonline.co.uk,Female,249.182.68.74
879,Ax,Braund,abraundoe@tumblr.com,Male,132.152.248.245
880,Adelbert,Coumbe,acoumbeof@twitpic.com,Male,130.174.71.52
881,Lizette,Haggarth,lhaggarthog@jugem.jp,Female,196.78.175.166
882,Ban,Lillow,blillowoh@yahoo.co.jp,Male,110.89.2.116
883,Colette,Stanbrooke,cstanbrookeoi@deliciousdays.com,Female,236.80.190.21
884,Gray,Armell,garmelloj@alexa.com,Female,66.181.0.179
885,Crichton,Staresmeare,cstaresmeareok@wisc.edu,Male,206.132.149.8
886,Freeman,Fridlington,ffridlingtonol@hhs.gov,Male,193.70.219.209
887,Deeanne,Crichley,dcrichleyom@springer.com,Female,26.138.109.16
888,Cindy,Gull,cgullon@histats.com,Female,76.122.150.106
889,Symon,Peres,speresoo@cmu.edu,Male,249.165.125.192
890,Moses,Claasen,mclaasenop@simplemachines.org,Male,226.80.147.29
891,Paddy,Duferie,pduferieoq@army.mil,Male,69.12.132.205
892,Clarabelle,Sapp,csappor@storify.com,Female,90.168.110.144
893,Salaidh,Lugg,sluggos@elegantthemes.com,Female,46.14.92.154
894,Linet,Kubas,lkubasot@hatena.ne.jp,Bigender,62.46.108.131
895,Ryan,Clowton,rclowtonou@naver.com,Male,59.69.171.37
896,Ricca,Vagg,rvaggov@irs.gov,Female,163.98.128.214
897,Minna,Kynder,mkynderow@techcrunch.com,Female,44.43.2.201
898,Shelia,Huff,shuffox@parallels.com,Female,84.229.209.123
899,Gilles,Guillot,gguillotoy@booking.com,Male,174.254.141.243
900,Jase,Laimable,jlaimableoz@redcross.org,Male,163.225.52.172
901,Spense,O'Bradain,sobradainp0@alibaba.com,Male,245.100.160.5
902,Jude,Vallens,jvallensp1@cmu.edu,Male,98.214.9.240
903,Chelsy,Stoneley,cstoneleyp2@webeden.co.uk,Female,167.233.96.45
904,Hertha,Sollowaye,hsollowayep3@walmart.com,Female,32.74.97.105
905,Solly,Belfelt,sbelfeltp4@geocities.jp,Male,156.26.174.79
906,Dasi,Hanby,dhanbyp5@barnesandnoble.com,Female,152.134.20.146
907,Ginger,Jeannenet,gjeannenetp6@mediafire.com,Female,115.90.174.37
908,Breanne,Acedo,bacedop7@forbes.com,Female,47.126.24.78
909,Rey,O'Fallon,rofallonp8@bing.com,Male,235.94.145.252
910,Andras,Death,adeathp9@wufoo.com,Male,11.160.13.71
911,Selina,Lepere,sleperepa@oracle.com,Female,19.144.36.252
912,Sonia,Leythley,sleythleypb@wufoo.com,Female,13.29.184.225
913,Penrod,Melville,pmelvillepc@zdnet.com,Male,224.136.9.181
914,Blinni,Mungane,bmunganepd@diigo.com,Polygender,117.197.157.131
915,Marni,Corteney,mcorteneype@issuu.com,Female,146.30.180.178
916,Ariella,Saffrin,asaffrinpf@twitpic.com,Female,107.61.130.243
917,Nellie,Januszkiewicz,njanuszkiewiczpg@so-net.ne.jp,Female,154.193.83.205
918,Chaim,Hamflett,chamflettph@i2i.jp,Male,142.140.134.162
919,Gerti,Alkin,galkinpi@networkadvertising.org,Female,235.47.245.147
920,Fransisco,Lemoir,flemoirpj@craigslist.org,Male,239.181.61.62
921,Abigale,Wakelam,awakelampk@dyndns.org,Agender,15.227.45.138
922,Blinni,Pancoast,bpancoastpl@exblog.jp,Female,147.156.210.230
923,Harriot,Blakeway,hblakewaypm@mozilla.com,Female,1.13.103.11
924,Linzy,D'Ugo,ldugopn@hc360.com,Female,178.48.166.18
925,Roseline,Lappine,rlappinepo@dion.ne.jp,Female,203.3.90.15
926,Odelle,Moodycliffe,omoodycliffepp@guardian.co.uk,Female,162.105.114.149
927,Emma,Feldbrin,efeldbrinpq@t-online.de,Female,88.117.120.21
928,Rodina,Stoneman,rstonemanpr@sciencedaily.com,Female,123.122.197.191
929,Adan,Alwood,aalwoodps@census.gov,Male,239.184.133.75
930,Boyce,Stainton - Skinn,bstaintonskinnpt@upenn.edu,Male,53.153.71.206
931,Chris,Verring,cverringpu@cnn.com,Male,20.71.189.158
932,Dietrich,Canlin,dcanlinpv@guardian.co.uk,Male,70.113.170.220
933,Prissie,Burnage,pburnagepw@ameblo.jp,Female,31.186.36.191
934,Brendan,Celes,bcelespx@icio.us,Male,134.122.220.171
935,Loralie,Macewan,lmacewanpy@youku.com,Female,201.56.254.198
936,Woodman,Ourtic,wourticpz@wikia.com,Male,114.134.46.210
937,Zandra,Ballingal,zballingalq0@youtu.be,Female,16.133.29.122
938,Wells,Grayshan,wgrayshanq1@google.nl,Male,229.17.161.85
939,Kori,Dionisii,kdionisiiq2@live.com,Female,100.196.222.139
940,Sella,Pow,spowq3@icq.com,Female,78.233.6.82
941,Dru,Cattlow,dcattlowq4@geocities.jp,Genderfluid,100.56.144.115
942,Novelia,Pasek,npasekq5@etsy.com,Female,199.111.255.41
943,Billie,Adamsson,badamssonq6@dailymail.co.uk,Male,203.24.155.245
944,Todd,Moryson,tmorysonq7@lulu.com,Male,140.251.188.241
945,Zared,Osan,zosanq8@google.pl,Male,166.90.106.238
946,Zachariah,Goodyear,zgoodyearq9@webeden.co.uk,Male,114.147.206.227
947,Demetre,Whistlecraft,dwhistlecraftqa@mapquest.com,Non-binary,180.44.79.46
948,Jeromy,Fieldgate,jfieldgateqb@cbslocal.com,Male,225.199.205.108
949,Edmund,Beagrie,ebeagrieqc@microsoft.com,Male,48.124.248.138
950,Odelia,Riggulsford,origgulsfordqd@seattletimes.com,Female,229.209.66.125
951,Agnola,Antonsen,aantonsenqe@usnews.com,Female,221.33.204.150
952,Marmaduke,Jezard,mjezardqf@opera.com,Male,36.164.230.160
953,Hollie,Hurkett,hhurkettqg@biblegateway.com,Female,92.36.8.118
954,Eloise,Braybrookes,ebraybrookesqh@rakuten.co.jp,Female,216.206.14.11
955,Shanon,Rapley,srapleyqi@ow.ly,Genderfluid,109.37.162.105
956,Gennie,Sommerling,gsommerlingqj@house.gov,Female,213.165.146.51
957,Lanette,Chard,lchardqk@purevolume.com,Female,161.149.14.37
958,Lorilee,Mewitt,lmewittql@multiply.com,Female,241.10.243.211
959,Marlo,Weatherhead,mweatherheadqm@phpbb.com,Female,72.119.197.202
960,Gayelord,Enoch,genochqn@qq.com,Male,163.220.116.113
961,Antonin,Cordet,acordetqo@dyndns.org,Male,210.202.179.5
962,Sibbie,St. Pierre,sstpierreqp@dedecms.com,Female,237.22.241.249
963,Dianne,Mayward,dmaywardqq@craigslist.org,Non-binary,245.154.206.205
964,Yard,Loachhead,yloachheadqr@telegraph.co.uk,Male,157.152.138.150
965,Adriano,Bodd,aboddqs@msn.com,Male,95.65.150.79
966,Maude,Fratson,mfratsonqt@dyndns.org,Female,168.204.97.240
967,Herbie,Peasee,hpeaseequ@toplist.cz,Male,59.239.161.203
968,Celestine,Dicke,cdickeqv@indiegogo.com,Female,207.231.173.250
969,Aldin,Caccavari,acaccavariqw@technorati.com,Male,235.138.66.13
970,Margarete,Wigfall,mwigfallqx@cam.ac.uk,Female,149.123.255.12
971,Gerry,Ventam,gventamqy@sfgate.com,Female,84.127.159.203
972,Davidde,Cubley,dcubleyqz@nasa.gov,Male,187.78.100.139
973,Betteanne,Graber,bgraberr0@globo.com,Female,139.142.209.39
974,Em,Drinkhall,edrinkhallr1@geocities.com,Male,90.187.12.112
975,Trude,Boise,tboiser2@rakuten.co.jp,Female,231.160.25.82
976,Ransom,Havick,rhavickr3@baidu.com,Male,158.35.177.166
977,Norbie,Lantiffe,nlantiffer4@whitehouse.gov,Male,11.167.175.37
978,Lamar,Swatridge,lswatridger5@wisc.edu,Male,218.154.112.120
979,Johan,Fairney,jfairneyr6@fda.gov,Male,80.154.82.203
980,Daffie,Willgress,dwillgressr7@dailymotion.com,Female,193.141.197.61
981,Ursola,Pendry,upendryr8@zdnet.com,Polygender,153.249.191.37
982,Darn,Roux,drouxr9@amazonaws.com,Male,187.7.28.175
983,Dusty,Manser,dmanserra@thetimes.co.uk,Female,3.140.237.254
984,Horatio,Robbeke,hrobbekerb@reference.com,Bigender,43.143.241.56
985,Casie,Bobasch,cbobaschrc@army.mil,Bigender,22.80.247.102
986,Patrick,Johnson,pjohnsonrd@washingtonpost.com,Male,19.110.110.179
987,Wiley,Allman,wallmanre@businessinsider.com,Male,90.30.1.167
988,Aksel,Cossar,acossarrf@usgs.gov,Male,232.53.242.247
989,Adena,Varah,avarahrg@wired.com,Female,209.197.97.233
990,Averil,Fulker,afulkerrh@scientificamerican.com,Male,154.1.14.229
991,Lek,Janzen,ljanzenri@washingtonpost.com,Male,42.94.120.67
992,Samson,Mumby,smumbyrj@usgs.gov,Male,54.233.250.232
993,Meggy,Nobbs,mnobbsrk@china.com.cn,Female,115.167.203.146
994,Bennie,Farquhar,bfarquharrl@comsenz.com,Female,89.18.21.118
995,Belle,Carswell,bcarswellrm@bravesites.com,Female,82.108.231.60
996,Bennett,Oldfield,boldfieldrn@businessinsider.com,Male,97.146.174.76
997,Celina,Enright,cenrightro@edublogs.org,Female,135.137.234.192
998,Amberly,Radbourn,aradbournrp@ustream.tv,Female,204.198.202.124
999,Kacie,Andriuzzi,kandriuzzirq@mtv.com,Non-binary,193.52.16.208
1000,Elisa,Blaber,eblaberrr@w3.org,Female,69.206.210.123
