id,first_name,last_name,email,gender,ip_address,employee_id
1,Tanney,Ostridge,tostridge0@umich.edu,Male,140.16.130.105,683
2,Doretta,Struthers,dstruthers1@ebay.com,Female,41.80.80.73,891
3,Jobi,Salmen,jsalmen2@goo.gl,Agender,235.248.231.42,684
4,Alaster,Luscombe,aluscombe3@berkeley.edu,Male,233.221.196.93,545
5,Lonna,Piatkowski,lpiatkowski4@tinyurl.com,Non-binary,165.104.67.145,725
6,Shoshana,Follett,sfollett5@vinaora.com,Female,107.252.22.114,98
7,Tammie,Rustidge,trustidge6@people.com.cn,Male,177.75.233.248,952
8,Lyon,Ackwood,lackwood7@wisc.edu,Male,49.59.15.56,566
9,Magnum,Holworth,mholworth8@t-online.de,Male,182.116.187.170,993
10,Kendall,Borres,kborres9@techcrunch.com,Male,51.146.228.119,141
11,Zackariah,Pickervance,zpickervancea@arizona.edu,Male,45.166.115.146,227
12,Devlin,Greedyer,dgreedyerb@furl.net,Male,240.89.146.228,481
13,Annmaria,Tweedell,atweedellc@tmall.com,Female,145.81.160.123,705
14,Modesty,Hurren,mhurrend@hibu.com,Female,56.32.91.85,570
15,Robbie,Henderson,rhendersone@google.nl,Male,4.27.214.213,391
16,Annadiana,Hew,ahewf@vimeo.com,Female,35.16.39.220,9
17,Blake,Dagnall,bdagnallg@yahoo.co.jp,Non-binary,213.20.1.119,736
18,Erasmus,Leadbeater,eleadbeaterh@163.com,Male,16.194.229.49,695
19,Melinda,Dine-Hart,mdineharti@yolasite.com,Female,71.199.30.211,255
20,Grantley,Fowlie,gfowliej@adobe.com,Male,36.156.165.38,563
21,Calvin,Pabst,cpabstk@youtu.be,Male,67.58.68.58,239
22,Karoline,Trayton,ktraytonl@gnu.org,Female,46.17.67.159,231
23,Ulick,Adamkiewicz,uadamkiewiczm@tripod.com,Male,52.83.214.201,550
24,Hubey,Wharmby,hwharmbyn@deviantart.com,Male,58.79.144.16,435
25,Puff,Sedcole,psedcoleo@apple.com,Male,47.174.94.164,70
26,Curt,Partlett,cpartlettp@taobao.com,Male,79.155.109.110,446
27,Tillie,Jillings,tjillingsq@phpbb.com,Female,145.180.253.204,790
28,Marya,Poundford,mpoundfordr@t-online.de,Female,225.147.46.228,436
29,Doug,Ebbin,debbins@cbc.ca,Male,245.51.87.52,127
30,Jaynell,Stourton,jstourtont@sakura.ne.jp,Female,7.98.209.83,968
31,Brier,Mariot,bmariotu@vinaora.com,Female,144.166.210.29,273
32,Lidia,Goodenough,lgoodenoughv@ebay.co.uk,Female,130.244.129.96,745
33,Bonni,Brookes,bbrookesw@eepurl.com,Female,153.34.95.89,185
34,Goldy,Atkin,gatkinx@tripod.com,Female,190.163.35.215,201
35,Tamas,Balfe,tbalfey@free.fr,Male,14.178.25.254,130
36,Kristi,Marcome,kmarcomez@independent.co.uk,Female,18.192.40.33,45
37,Ingaborg,McVane,imcvane10@ft.com,Female,165.12.50.75,350
38,Starlene,Holme,sholme11@shareasale.com,Female,118.14.220.67,826
39,Hobart,Peto,hpeto12@chron.com,Male,167.155.94.84,379
40,Desmund,Morrid,dmorrid13@youku.com,Genderqueer,246.231.172.136,465
41,Marianna,Orrice,morrice14@washington.edu,Female,26.200.32.116,351
42,Claus,Pennetta,cpennetta15@google.com,Male,198.198.97.32,434
43,Rollin,Winston,rwinston16@unesco.org,Male,45.201.218.176,106
44,Bink,Kiledal,bkiledal17@geocities.com,Male,248.30.254.231,897
45,Aubert,Ryde,aryde18@jimdo.com,Male,109.134.55.146,441
46,Alberto,Reichardt,areichardt19@bravesites.com,Male,193.232.255.104,222
47,Hillel,Spieck,hspieck1a@elegantthemes.com,Male,215.178.108.3,316
48,Elka,Goodswen,egoodswen1b@mashable.com,Female,172.224.58.199,96
49,Gregorius,Shirt,gshirt1c@phoca.cz,Male,36.72.185.158,534
50,Idalina,Durston,idurston1d@ucoz.com,Non-binary,167.83.30.158,914
51,Elfrida,Hinder,ehinder1e@uol.com.br,Female,173.105.22.19,381
52,Donnamarie,Delafoy,ddelafoy1f@issuu.com,Female,119.230.134.3,244
53,Tamqrah,Matthesius,tmatthesius1g@cornell.edu,Female,242.60.155.138,158
54,Gloriane,Serle,gserle1h@npr.org,Female,113.197.208.176,611
55,Cher,Malham,cmalham1i@elegantthemes.com,Female,80.239.5.175,179
56,Arlyn,Sarll,asarll1j@jalbum.net,Female,253.139.119.213,686
57,Kinsley,Matura,kmatura1k@imageshack.us,Male,225.177.36.54,478
58,Merv,Morena,mmorena1l@google.it,Male,250.141.94.186,770
59,Adriana,Stanfield,astanfield1m@deviantart.com,Female,252.1.182.122,5
60,Barde,Tickel,btickel1n@census.gov,Male,155.153.147.187,392
61,Dalt,Somerbell,dsomerbell1o@admin.ch,Male,247.109.108.24,915
62,Jeanne,Gedney,jgedney1p@free.fr,Non-binary,206.163.211.249,477
63,Hattie,Hammand,hhammand1q@paypal.com,Female,183.31.254.212,885
64,Noel,Cianelli,ncianelli1r@networksolutions.com,Male,116.77.138.178,227
65,Forster,Windeatt,fwindeatt1s@360.cn,Male,105.135.228.100,913
66,Lotte,Graysmark,lgraysmark1t@topsy.com,Female,98.248.89.84,547
67,Dael,Georgeot,dgeorgeot1u@seesaa.net,Male,234.167.19.201,184
68,Karoly,Penella,kpenella1v@vinaora.com,Male,153.228.126.87,954
69,Nicolais,Johncey,njohncey1w@craigslist.org,Male,219.212.11.27,632
70,Haskell,Iglesias,higlesias1x@ca.gov,Male,18.56.125.155,520
71,Sheila,Kesey,skesey1y@livejournal.com,Genderqueer,54.136.78.93,696
72,Nisse,Larcier,nlarcier1z@archive.org,Female,176.13.2.250,394
73,Francyne,Izachik,fizachik20@studiopress.com,Female,6.55.253.34,769
74,Ailina,Rudeyeard,arudeyeard21@mtv.com,Female,48.89.192.130,345
75,Walton,Gowans,wgowans22@amazon.co.uk,Male,13.126.130.89,364
76,Marina,Oldham,moldham23@cloudflare.com,Female,253.166.131.252,766
77,Constance,Woodington,cwoodington24@csmonitor.com,Female,213.166.204.214,972
78,Raleigh,Poncet,rponcet25@devhub.com,Male,61.62.21.51,333
79,Glenn,Van den Oord,gvandenoord26@whitehouse.gov,Female,252.242.47.91,458
80,Ariadne,Renfrew,arenfrew27@economist.com,Female,194.246.122.129,734
81,Gradey,Gawne,ggawne28@msu.edu,Genderqueer,53.253.143.131,764
82,Jane,Phette,jphette29@prlog.org,Female,182.184.140.176,399
83,Mag,O'Neal,moneal2a@surveymonkey.com,Female,105.9.4.0,578
84,Lynda,Sheaber,lsheaber2b@pcworld.com,Female,51.198.206.174,934
85,Marla,Behrendsen,mbehrendsen2c@blogtalkradio.com,Female,255.15.36.37,874
86,Galven,Heasman,gheasman2d@amazon.co.jp,Male,87.79.168.169,713
87,Melonie,Saul,msaul2e@cnn.com,Female,195.32.75.238,935
88,Rae,Casarini,rcasarini2f@state.gov,Female,16.65.82.130,268
89,Becca,Derell,bderell2g@mit.edu,Female,193.194.85.140,776
90,Odilia,Gleadhall,ogleadhall2h@soup.io,Female,141.29.234.137,315
91,Chucho,Aylmer,caylmer2i@wikimedia.org,Male,150.80.244.130,143
92,Ivor,Dossetter,idossetter2j@jalbum.net,Male,39.242.232.240,597
93,Valentino,Westoff,vwestoff2k@psu.edu,Male,4.163.42.191,271
94,Stephanus,Amsden,samsden2l@topsy.com,Male,25.40.27.190,833
95,Umberto,Nipper,unipper2m@sbwire.com,Male,64.56.38.234,202
96,Almeta,Columbell,acolumbell2n@merriam-webster.com,Female,36.71.11.36,932
97,Carlynne,Gimber,cgimber2o@networksolutions.com,Genderfluid,56.192.169.107,359
98,Cyndie,McCreedy,cmccreedy2p@addthis.com,Female,128.215.86.48,388
99,Stace,Eick,seick2q@oracle.com,Female,103.14.5.161,592
100,Lizbeth,France,lfrance2r@scribd.com,Female,24.83.149.175,928
101,Harli,Tumielli,htumielli2s@techcrunch.com,Female,108.200.167.108,654
102,Yvonne,Catterick,ycatterick2t@google.nl,Female,231.176.191.101,671
103,Corbett,Gorvette,cgorvette2u@google.ca,Male,243.223.114.7,99
104,Teodor,Llewelyn,tllewelyn2v@reference.com,Male,224.65.177.100,645
105,Justus,Doblin,jdoblin2w@slideshare.net,Male,11.89.153.184,422
106,Estelle,Giffkins,egiffkins2x@jalbum.net,Female,226.104.232.169,340
107,Brad,Akast,bakast2y@nba.com,Male,182.192.188.189,365
108,Harv,Heelis,hheelis2z@census.gov,Male,204.228.97.126,847
109,Weylin,Winridge,wwinridge30@theguardian.com,Male,218.195.82.6,864
110,Ettore,Dominetti,edominetti31@lulu.com,Male,115.87.105.143,70
111,Billie,Lanceter,blanceter32@statcounter.com,Female,52.221.58.11,40
112,Eduardo,Gatty,egatty33@ning.com,Male,241.242.187.5,792
113,Norbie,Dulake,ndulake34@biblegateway.com,Polygender,183.146.143.54,933
114,Stephanus,Shuttlewood,sshuttlewood35@goo.ne.jp,Male,86.223.157.19,571
115,Ronda,Darell,rdarell36@shareasale.com,Female,150.99.175.204,299
116,Celinka,Humby,chumby37@bigcartel.com,Female,57.3.29.128,747
117,Althea,Bullene,abullene38@drupal.org,Female,130.64.106.63,912
118,Lindie,Barlass,lbarlass39@globo.com,Female,96.193.83.139,939
119,Francine,Drohun,fdrohun3a@dell.com,Female,120.185.169.115,282
120,Clemmy,Friary,cfriary3b@deliciousdays.com,Female,46.143.108.118,523
121,Agathe,Davidowich,adavidowich3c@google.ru,Female,232.113.239.132,456
122,Olia,Dymott,odymott3d@google.de,Female,106.202.193.169,292
123,Beverly,Farfoot,bfarfoot3e@yellowpages.com,Female,33.73.243.7,392
124,Quinn,Dunrige,qdunrige3f@tuttocitta.it,Male,34.1.32.214,410
125,Janetta,Cottell,jcottell3g@sitemeter.com,Female,208.235.105.111,400
126,Blanche,Tynemouth,btynemouth3h@123-reg.co.uk,Female,210.247.122.218,430
127,Blake,Bethel,bbethel3i@sphinn.com,Female,234.180.39.78,89
128,Taite,Readett,treadett3j@dyndns.org,Male,4.63.110.157,80
129,Jobey,Gohier,jgohier3k@uiuc.edu,Female,165.42.167.196,535
130,Hall,Lishman,hlishman3l@merriam-webster.com,Male,205.180.150.45,324
131,Kasey,Duval,kduval3m@shop-pro.jp,Agender,196.184.58.46,897
132,Hilliard,Checchetelli,hchecchetelli3n@amazonaws.com,Male,75.179.50.194,103
133,Abigael,Durtnell,adurtnell3o@unblog.fr,Female,146.224.172.226,401
134,Orin,O'Sheils,oosheils3p@rediff.com,Male,186.104.156.55,506
135,Micky,McNulty,mmcnulty3q@hibu.com,Female,167.23.105.182,571
136,Thain,Devennie,tdevennie3r@vinaora.com,Male,89.52.140.136,178
137,Jared,Godar,jgodar3s@sun.com,Male,92.153.65.104,807
138,Marchall,Mannix,mmannix3t@weebly.com,Male,168.183.82.178,398
139,Valina,Heinssen,vheinssen3u@springer.com,Female,10.100.228.91,820
140,Mendel,Whales,mwhales3v@ocn.ne.jp,Male,154.189.211.84,50
141,Allegra,Anning,aanning3w@photobucket.com,Female,150.89.120.121,926
142,Lynnea,O'Deegan,lodeegan3x@google.fr,Female,236.169.150.150,380
143,Mellie,Filipov,mfilipov3y@gov.uk,Female,212.90.161.69,796
144,Felicdad,Fawcitt,ffawcitt3z@webs.com,Bigender,60.84.48.46,28
145,Indira,Tittershill,itittershill40@lycos.com,Female,119.164.17.195,815
146,Kacey,Tyhurst,ktyhurst41@github.com,Female,84.230.160.153,565
147,Warde,Hedditeh,whedditeh42@cnbc.com,Genderfluid,81.192.4.88,32
148,Kerry,Benza,kbenza43@mozilla.org,Female,132.151.136.154,149
149,Carlyn,Shaw,cshaw44@skyrock.com,Female,74.82.128.64,389
150,Nobie,Eblein,neblein45@stanford.edu,Male,27.16.216.136,335
151,Sofia,Benois,sbenois46@printfriendly.com,Female,138.56.140.185,279
152,Phoebe,Dunklee,pdunklee47@blogtalkradio.com,Female,27.52.86.153,642
153,Tawsha,Polkinhorn,tpolkinhorn48@squarespace.com,Female,146.15.60.111,505
154,Ted,Bozward,tbozward49@gizmodo.com,Male,188.81.18.49,632
155,Ashleigh,Konig,akonig4a@nytimes.com,Genderqueer,195.137.206.44,894
156,Harland,Lill,hlill4b@scribd.com,Male,31.207.136.129,688
157,Cara,Longhorne,clonghorne4c@dagondesign.com,Female,66.197.188.123,892
158,Glyn,Tesh,gtesh4d@utexas.edu,Male,6.101.2.99,974
159,Cosetta,Salzburg,csalzburg4e@dedecms.com,Female,204.251.80.31,354
160,Ben,Cage,bcage4f@soundcloud.com,Bigender,92.36.196.141,486
161,Kyrstin,Steele,ksteele4g@ucsd.edu,Female,50.204.231.2,96
162,Averyl,Fance,afance4h@theguardian.com,Female,138.223.55.130,912
163,Danny,Waliszewski,dwaliszewski4i@simplemachines.org,Female,246.74.142.236,183
164,Daron,Walklate,dwalklate4j@bandcamp.com,Male,106.178.95.119,502
165,Bernhard,Arlett,barlett4k@craigslist.org,Male,157.18.123.68,754
166,Helen,Tofano,htofano4l@devhub.com,Female,205.88.131.253,557
167,Clarke,Beggan,cbeggan4m@parallels.com,Male,35.208.62.176,748
168,Rozina,Dockree,rdockree4n@prnewswire.com,Female,99.247.114.89,668
169,Afton,Shark,ashark4o@businessweek.com,Female,9.65.0.117,314
170,Aloysius,Orknay,aorknay4p@arizona.edu,Male,21.9.107.237,797
171,Erie,Demare,edemare4q@github.io,Male,168.252.224.150,725
172,Elyse,Collaton,ecollaton4r@ucoz.ru,Female,240.201.231.37,624
173,Cally,Gosnell,cgosnell4s@discovery.com,Female,91.109.174.153,35
174,Anna-diana,Gabbott,agabbott4t@artisteer.com,Female,218.39.89.40,755
175,Hal,Kubacek,hkubacek4u@instagram.com,Male,255.126.95.52,863
176,Tiffy,Soane,tsoane4v@reddit.com,Female,242.80.17.118,385
177,Vanya,Harbinson,vharbinson4w@google.co.uk,Genderqueer,144.46.106.107,644
178,Reeba,Moulster,rmoulster4x@pagesperso-orange.fr,Agender,72.233.124.99,239
179,Wilburt,Caddick,wcaddick4y@vk.com,Male,222.142.207.44,383
180,Ellene,Kennaway,ekennaway4z@ucsd.edu,Female,219.197.66.124,749
181,Deidre,Okell,dokell50@yellowbook.com,Female,212.167.251.98,739
182,Mickie,Muat,mmuat51@unicef.org,Female,67.186.109.159,387
183,Ase,Concklin,aconcklin52@amazon.co.uk,Male,63.19.21.182,979
184,Rudy,Derrell,rderrell53@sitemeter.com,Male,11.39.205.189,716
185,Gabriela,Guidini,gguidini54@canalblog.com,Genderfluid,114.172.67.109,527
186,Barry,Booeln,bbooeln55@seattletimes.com,Male,96.227.206.182,305
187,Herrick,Shillitto,hshillitto56@archive.org,Male,242.248.184.112,508
188,Donielle,Stigger,dstigger57@pinterest.com,Female,220.137.215.181,821
189,Duffie,Jugging,djugging58@technorati.com,Male,129.37.222.97,63
190,Britteny,Cuolahan,bcuolahan59@1und1.de,Female,76.68.107.170,99
191,Olimpia,Urling,ourling5a@comsenz.com,Female,174.73.81.182,286
192,Barty,Pycock,bpycock5b@dion.ne.jp,Male,30.233.149.19,868
193,Lind,Pelz,lpelz5c@wired.com,Female,2.108.186.29,258
194,Sophi,Barraclough,sbarraclough5d@ebay.com,Female,141.180.103.70,71
195,Karola,Goacher,kgoacher5e@cafepress.com,Female,133.3.26.28,781
196,Henryetta,Cantua,hcantua5f@yelp.com,Female,166.227.91.245,296
197,Misha,Skala,mskala5g@wufoo.com,Female,28.212.222.44,591
198,Orsola,Cescot,ocescot5h@addthis.com,Female,125.0.203.115,889
199,Gordon,Segges,gsegges5i@columbia.edu,Male,58.128.27.156,79
200,Rhodia,Hambright,rhambright5j@flavors.me,Female,224.35.7.49,793
201,Will,Juarez,wjuarez5k@mapy.cz,Male,183.36.90.162,153
202,Inglebert,Labram,ilabram5l@miibeian.gov.cn,Male,213.44.165.186,739
203,Kat,Uman,kuman5m@microsoft.com,Female,20.62.197.133,139
204,Aron,Imlen,aimlen5n@ucsd.edu,Male,59.222.15.85,901
205,Masha,Gummory,mgummory5o@cornell.edu,Female,125.187.185.79,488
206,Paquito,Bartozzi,pbartozzi5p@pcworld.com,Male,198.217.74.134,433
207,Franchot,Santer,fsanter5q@theatlantic.com,Male,179.19.90.194,986
208,Maighdiln,Arnaldy,marnaldy5r@ezinearticles.com,Female,53.56.32.65,680
209,Cyrill,Legier,clegier5s@wunderground.com,Male,178.106.247.205,229
210,Ellen,Harlowe,eharlowe5t@csmonitor.com,Female,69.239.198.156,8
211,Brande,Hynson,bhynson5u@noaa.gov,Female,10.84.216.143,800
212,Rosalynd,Colquite,rcolquite5v@barnesandnoble.com,Female,181.105.128.178,900
213,Alejoa,Holtom,aholtom5w@wiley.com,Male,80.32.40.239,448
214,Elmira,Ballendine,eballendine5x@furl.net,Female,247.203.156.61,760
215,Hadlee,Crossman,hcrossman5y@ibm.com,Male,32.53.28.105,386
216,Bill,Joriot,bjoriot5z@barnesandnoble.com,Male,74.203.110.26,326
217,Samuel,Williment,swilliment60@mozilla.com,Male,25.39.67.30,690
218,Magda,Blacket,mblacket61@amazon.de,Female,63.7.10.142,945
219,Peyter,Bullman,pbullman62@yelp.com,Male,187.41.78.122,278
220,Jennine,Egle of Germany,jegleofgermany63@google.it,Female,18.162.90.205,237
221,Vince,Chatto,vchatto64@wix.com,Male,214.140.186.113,744
222,Hammad,Barrow,hbarrow65@last.fm,Male,127.227.89.190,564
223,Adiana,Enefer,aenefer66@hp.com,Female,211.51.234.131,253
224,Robyn,Bitcheno,rbitcheno67@fda.gov,Female,150.40.202.216,423
225,Samantha,Trematick,strematick68@list-manage.com,Bigender,110.34.244.233,904
226,Lanny,Malkie,lmalkie69@godaddy.com,Agender,10.31.144.47,491
227,Thomasa,Pellatt,tpellatt6a@cornell.edu,Non-binary,142.62.202.105,525
228,Christina,Self,cself6b@vinaora.com,Female,79.170.227.99,206
229,Donnajean,Shillingford,dshillingford6c@dagondesign.com,Female,75.253.75.50,186
230,Temple,Lally,tlally6d@51.la,Male,20.1.22.160,636
231,Onida,Coady,ocoady6e@vk.com,Female,40.10.193.127,560
232,Elvera,Castleton,ecastleton6f@flickr.com,Female,124.235.44.161,544
233,Mariska,Rhead,mrhead6g@columbia.edu,Non-binary,255.240.250.183,55
234,Jill,MacAllester,jmacallester6h@time.com,Female,46.213.119.157,58
235,Shelby,Carradice,scarradice6i@boston.com,Genderfluid,149.45.169.151,941
236,Cyrill,Gobbett,cgobbett6j@miitbeian.gov.cn,Non-binary,95.219.62.182,724
237,Dianne,Sabathier,dsabathier6k@joomla.org,Female,237.172.212.164,93
238,Cristina,Gedling,cgedling6l@goodreads.com,Non-binary,89.69.69.131,811
239,Derick,De Haven,ddehaven6m@java.com,Male,98.15.81.16,908
240,Phineas,Boniface,pboniface6n@tumblr.com,Male,121.131.36.198,723
241,Garvy,Wetherhead,gwetherhead6o@timesonline.co.uk,Male,252.212.143.11,750
242,Rutledge,Woollends,rwoollends6p@google.pl,Male,97.208.213.190,599
243,Conni,Coumbe,ccoumbe6q@i2i.jp,Female,71.78.127.241,320
244,Wyndham,Pernell,wpernell6r@slideshare.net,Male,83.65.120.10,217
245,Emylee,Marty,emarty6s@tamu.edu,Female,182.237.194.129,987
246,Margret,Trebble,mtrebble6t@bloomberg.com,Agender,86.43.232.83,533
247,Phaidra,Etienne,petienne6u@mediafire.com,Female,143.48.113.7,827
248,Weylin,Barts,wbarts6v@craigslist.org,Male,230.234.7.91,884
249,Johnette,Blues,jblues6w@prnewswire.com,Female,255.16.105.148,309
250,Vanna,MacKenzie,vmackenzie6x@wikipedia.org,Female,190.0.89.38,756
251,Keefe,Bortoletti,kbortoletti6y@bbb.org,Male,164.167.54.104,685
252,Horatius,Franceschino,hfranceschino6z@uiuc.edu,Bigender,122.192.31.58,378
253,Margareta,Brabban,mbrabban70@merriam-webster.com,Female,97.213.228.217,308
254,Dave,Critch,dcritch71@shareasale.com,Male,47.244.167.78,643
255,Tammy,Lerego,tlerego72@php.net,Male,202.164.175.33,822
256,Estell,Haster,ehaster73@bbb.org,Female,215.38.144.82,337
257,Hermia,Heggman,hheggman74@google.nl,Female,148.161.123.114,763
258,Adriaens,Gowans,agowans75@imageshack.us,Female,105.19.185.46,903
259,Tildie,MacCarter,tmaccarter76@newsvine.com,Female,4.236.59.186,631
260,Feodor,Blatchford,fblatchford77@miitbeian.gov.cn,Male,159.173.245.211,507
261,Babs,Edgecombe,bedgecombe78@plala.or.jp,Female,34.91.58.126,181
262,Cheslie,Hurdwell,churdwell79@last.fm,Female,111.176.237.161,148
263,Gordan,Leyden,gleyden7a@adobe.com,Male,2.213.117.105,890
264,Kimmy,Relfe,krelfe7b@home.pl,Female,48.238.146.209,805
265,Brade,Palfrie,bpalfrie7c@plala.or.jp,Genderqueer,218.175.228.226,585
266,Sidonia,Barsham,sbarsham7d@ovh.net,Female,3.134.8.79,470
267,Chrissie,Beviss,cbeviss7e@intel.com,Agender,161.157.38.146,510
268,Cristiano,McLardie,cmclardie7f@jalbum.net,Male,16.35.113.125,862
269,Chris,Noblet,cnoblet7g@omniture.com,Male,90.149.120.12,163
270,Jilli,Konrad,jkonrad7h@nhs.uk,Female,50.187.119.130,377
271,Hetti,Ashford,hashford7i@photobucket.com,Female,165.230.125.198,80
272,Lianne,Kunneke,lkunneke7j@angelfire.com,Female,66.218.173.154,132
273,Emmi,Malser,emalser7k@eventbrite.com,Female,139.186.5.163,242
274,Hanny,Quin,hquin7l@cyberchimps.com,Female,249.200.219.164,939
275,Tuesday,Caller,tcaller7m@blogtalkradio.com,Female,217.222.234.187,923
276,Sayre,Bywater,sbywater7n@mac.com,Female,75.151.79.92,728
277,Sonya,Ruberry,sruberry7o@weather.com,Female,19.174.1.29,676
278,Kelsy,Illem,killem7p@xing.com,Female,114.9.133.26,432
279,Editha,Oakton,eoakton7q@lycos.com,Female,89.0.173.246,950
280,Darcee,Janko,djanko7r@ehow.com,Female,183.249.251.250,428
281,Zebadiah,Lillicrap,zlillicrap7s@dailymotion.com,Male,179.55.196.37,606
282,Miranda,Skule,mskule7t@bloomberg.com,Female,142.55.185.191,284
283,Anjela,Diggins,adiggins7u@aol.com,Female,125.143.32.64,302
284,Ester,Gyrgorwicx,egyrgorwicx7v@ehow.com,Female,162.79.148.43,402
285,Tresa,Doggrell,tdoggrell7w@stumbleupon.com,Female,48.176.57.30,158
286,Andie,Salvadori,asalvadori7x@independent.co.uk,Male,138.77.54.179,658
287,Constantia,Pabel,cpabel7y@cdbaby.com,Female,204.250.126.1,816
288,Willamina,Beauchamp,wbeauchamp7z@hostgator.com,Female,161.63.110.163,830
289,Corly,Udell,cudell80@live.com,Female,202.44.187.83,460
290,Galvan,Waker,gwaker81@mtv.com,Male,232.4.250.233,474
291,Zedekiah,Brammer,zbrammer82@oakley.com,Male,220.139.253.82,494
292,Gabi,Danielis,gdanielis83@usda.gov,Male,44.224.71.246,583
293,Colman,Sydes,csydes84@mysql.com,Male,196.203.157.105,707
294,Pia,Baxstar,pbaxstar85@chronoengine.com,Female,200.231.116.225,875
295,Lewes,Kinsell,lkinsell86@prnewswire.com,Male,105.8.206.95,28
296,Franciska,Rafe,frafe87@com.com,Bigender,208.81.152.46,189
297,Leesa,Pietzke,lpietzke88@cnet.com,Female,59.179.72.190,830
298,Rorke,Vanini,rvanini89@umich.edu,Male,87.106.171.57,167
299,Carrol,Loraine,cloraine8a@macromedia.com,Male,93.85.68.174,6
300,Cherise,Snelle,csnelle8b@bloglovin.com,Female,212.200.152.162,911
301,Gabriel,Amiranda,gamiranda8c@lulu.com,Male,11.35.245.128,553
302,Bengt,Gaskoin,bgaskoin8d@sitemeter.com,Male,182.153.117.92,385
303,Jannelle,Djokovic,jdjokovic8e@github.com,Female,107.162.28.4,867
304,Giffer,O'Tuohy,gotuohy8f@reddit.com,Male,212.64.8.11,171
305,Crichton,Rampton,crampton8g@g.co,Male,168.208.13.169,780
306,Beaufort,McCreary,bmccreary8h@infoseek.co.jp,Male,248.101.96.219,704
307,Bonny,Heis,bheis8i@opera.com,Female,5.253.231.171,281
308,Brittne,Blinco,bblinco8j@digg.com,Female,91.177.194.85,665
309,Manny,Featherstonhaugh,mfeatherstonhaugh8k@fema.gov,Male,103.135.112.8,539
310,Foster,Downe,fdowne8l@tuttocitta.it,Male,199.42.219.201,778
311,Julissa,Redmire,jredmire8m@github.io,Female,45.221.14.171,272
312,Sid,Tibbles,stibbles8n@ft.com,Male,133.68.88.207,785
313,Lisbeth,Melliard,lmelliard8o@eepurl.com,Female,187.250.28.217,304
314,Winne,Please,wplease8p@ezinearticles.com,Female,184.129.228.136,959
315,Dennet,Shevlan,dshevlan8q@theglobeandmail.com,Male,169.128.120.186,282
316,Dominick,Overel,doverel8r@wikia.com,Male,207.108.107.75,998
317,Rinaldo,Hankins,rhankins8s@yelp.com,Male,4.50.111.176,716
318,Ortensia,Deelay,odeelay8t@feedburner.com,Female,196.250.121.235,454
319,Isak,Malan,imalan8u@ft.com,Male,205.198.73.253,284
320,Georgie,McVane,gmcvane8v@simplemachines.org,Male,100.251.16.200,228
321,Cacilia,Boycott,cboycott8w@cloudflare.com,Female,186.48.159.91,318
322,Alys,McGaughie,amcgaughie8x@imageshack.us,Female,150.118.43.174,300
323,Olivier,Garlic,ogarlic8y@cloudflare.com,Male,216.141.145.151,343
324,Josie,Fairbrace,jfairbrace8z@ftc.gov,Female,205.166.209.218,424
325,Gerda,Bygrove,gbygrove90@meetup.com,Female,110.203.23.224,261
326,Candy,Ketton,cketton91@creativecommons.org,Female,224.252.18.195,291
327,Vonni,Gaze,vgaze92@reverbnation.com,Female,195.35.134.24,328
328,Halette,Markson,hmarkson93@google.com.hk,Female,123.242.68.205,427
329,Kimberli,Beers,kbeers94@spiegel.de,Female,181.212.182.172,779
330,Ronda,Harrowsmith,rharrowsmith95@buzzfeed.com,Female,109.47.246.189,514
331,Orelle,Purdon,opurdon96@google.com.br,Female,230.139.222.218,496
332,Adriano,Ames,aames97@purevolume.com,Male,62.75.198.141,971
333,Otho,Mill,omill98@simplemachines.org,Agender,177.22.153.248,219
334,Virgil,Riddick,vriddick99@sohu.com,Male,42.162.71.36,254
335,Deidre,Bayles,dbayles9a@hao123.com,Female,13.63.200.59,293
336,Teriann,Say,tsay9b@ft.com,Female,23.154.191.216,976
337,Kylie,Sawyers,ksawyers9c@house.gov,Male,253.86.112.111,262
338,Toiboid,Thirlwell,tthirlwell9d@ftc.gov,Male,13.112.194.61,346
339,Arie,Buie,abuie9e@google.pl,Male,117.1.128.177,664
340,Raddie,Purton,rpurton9f@amazon.co.uk,Male,201.149.59.231,398
341,Addison,Sindall,asindall9g@upenn.edu,Male,89.136.21.122,958
342,Daphne,Stitle,dstitle9h@blogspot.com,Female,235.253.242.40,91
343,Bettye,Slowcock,bslowcock9i@live.com,Female,23.116.71.217,329
344,Filberte,O'Shesnan,foshesnan9j@wix.com,Male,40.202.240.7,922
345,Margaux,Tomini,mtomini9k@un.org,Female,208.63.126.228,893
346,Stoddard,Battill,sbattill9l@guardian.co.uk,Female,21.130.168.204,654
347,Angelique,Marson,amarson9m@woothemes.com,Female,176.44.80.162,733
348,Bessy,Loyd,bloyd9n@cafepress.com,Female,145.4.20.251,598
349,Molli,Mushet,mmushet9o@cam.ac.uk,Female,71.48.119.12,139
350,Mile,Pashby,mpashby9p@google.fr,Male,126.106.225.219,451
351,Fritz,Almeida,falmeida9q@so-net.ne.jp,Male,2.236.157.67,230
352,Kimbell,Gonzalo,kgonzalo9r@twitpic.com,Male,113.88.152.188,609
353,Reynold,Cloney,rcloney9s@nytimes.com,Male,151.255.215.188,554
354,Tate,Isley,tisley9t@princeton.edu,Male,126.65.116.151,572
355,Bess,Milligan,bmilligan9u@usda.gov,Female,200.72.221.26,870
356,Jemima,Yallop,jyallop9v@feedburner.com,Polygender,136.86.229.103,819
357,Dru,Tasseler,dtasseler9w@accuweather.com,Female,114.187.49.95,869
358,Wat,Hatcliffe,whatcliffe9x@wordpress.com,Male,20.178.101.52,455
359,Nichols,Stain,nstain9y@squidoo.com,Male,19.60.55.155,175
360,Joaquin,Feldmann,jfeldmann9z@theguardian.com,Male,102.15.65.51,483
361,Wes,Gunney,wgunneya0@fda.gov,Polygender,135.87.118.240,671
362,Harald,Ledster,hledstera1@redcross.org,Male,72.57.48.40,54
363,Maddi,Gravet,mgraveta2@ezinearticles.com,Female,243.212.23.90,52
364,Mirella,Molan,mmolana3@scientificamerican.com,Female,33.95.111.45,524
365,Lenka,McFaell,lmcfaella4@reverbnation.com,Female,173.243.96.88,512
366,Allissa,Maple,amaplea5@ameblo.jp,Female,216.13.250.0,737
367,Vikky,Barkly,vbarklya6@slashdot.org,Bigender,249.52.174.130,480
368,Morey,Fuge,mfugea7@google.com.hk,Male,239.143.83.171,363
369,Felipe,McFadzean,fmcfadzeana8@newsvine.com,Male,205.202.25.96,937
370,Muffin,Pude,mpudea9@desdev.cn,Male,143.204.156.155,350
371,Blondy,Hovington,bhovingtonaa@archive.org,Female,41.159.166.239,185
372,Glyn,Gilcrist,ggilcristab@e-recht24.de,Male,54.121.151.131,232
373,Gerri,Spataro,gspataroac@nsw.gov.au,Female,58.16.232.232,380
374,Lefty,Della Scala,ldellascalaad@clickbank.net,Male,193.168.179.111,95
375,Julee,Dufore,jduforeae@a8.net,Female,75.100.137.196,412
376,Kinna,Dishman,kdishmanaf@booking.com,Polygender,148.31.245.213,16
377,Hayley,Baradel,hbaradelag@hhs.gov,Female,156.12.162.26,839
378,Sammie,Tilbey,stilbeyah@dyndns.org,Male,94.213.5.219,953
379,Dosi,Gaule,dgauleai@mayoclinic.com,Female,18.176.229.226,188
380,Johnnie,Croysdale,jcroysdaleaj@seattletimes.com,Male,21.171.225.88,565
381,Obie,Bartocci,obartocciak@reference.com,Male,38.200.192.141,521
382,Penny,Hailwood,phailwoodal@g.co,Female,162.4.249.130,389
383,Dani,Gormley,dgormleyam@google.de,Female,55.222.251.86,82
384,Gypsy,Heminsley,gheminsleyan@umn.edu,Female,251.177.62.96,988
385,Alana,Carine,acarineao@google.com,Female,197.38.64.38,123
386,Griffy,Hasel,ghaselap@amazon.com,Male,181.19.115.138,561
387,Hardy,McElhinney,hmcelhinneyaq@google.es,Male,19.27.232.227,915
388,Anstice,Badgers,abadgersar@flavors.me,Female,202.165.84.1,366
389,Odilia,Shimmings,oshimmingsas@delicious.com,Female,53.36.104.225,301
390,Frannie,Allabarton,fallabartonat@gnu.org,Male,130.107.75.159,701
391,Araldo,Pickring,apickringau@biglobe.ne.jp,Male,136.43.37.19,637
392,Guntar,Brinkworth,gbrinkworthav@howstuffworks.com,Male,20.198.211.62,703
393,Herve,Crellin,hcrellinaw@imgur.com,Male,93.209.249.91,119
394,Fabe,Hecks,fhecksax@un.org,Male,0.13.54.90,856
395,Stefania,Toquet,stoquetay@networksolutions.com,Female,87.196.69.44,321
396,Cindie,Leed,cleedaz@exblog.jp,Female,69.110.198.202,416
397,Artur,Leagas,aleagasb0@yale.edu,Male,76.123.115.127,316
398,Sarina,Purselow,spurselowb1@answers.com,Female,213.241.182.54,241
399,Silvie,Margerison,smargerisonb2@microsoft.com,Female,28.140.31.234,459
400,Shaughn,Gringley,sgringleyb3@sakura.ne.jp,Male,136.115.163.208,804
401,Kora,Paulino,kpaulinob4@slideshare.net,Female,90.16.13.48,898
402,Mellie,Fullard,mfullardb5@booking.com,Female,4.134.162.209,118
403,Bond,Storks,bstorksb6@odnoklassniki.ru,Male,41.45.168.79,406
404,Marcella,Oherlihy,moherlihyb7@macromedia.com,Female,120.122.58.250,9
405,Wally,Nelsey,wnelseyb8@skype.com,Non-binary,7.161.88.102,775
406,Abeu,Hegg,aheggb9@newsvine.com,Male,82.80.90.163,39
407,Malina,Skirvin,mskirvinba@dell.com,Female,37.119.30.31,486
408,Abby,Dallmann,adallmannbb@accuweather.com,Female,6.106.99.121,731
409,Moss,Lundbech,mlundbechbc@mail.ru,Male,167.37.220.20,111
410,Lauraine,Feldberg,lfeldbergbd@trellian.com,Non-binary,71.59.1.88,539
411,Georgina,Michurin,gmichurinbe@theguardian.com,Female,193.51.143.140,633
412,Fidel,Busen,fbusenbf@csmonitor.com,Male,137.45.70.126,808
413,Cletis,Gemeau,cgemeaubg@drupal.org,Male,91.31.254.17,141
414,Jess,Lenaghen,jlenaghenbh@icq.com,Non-binary,107.194.153.148,689
415,Hewett,Di Bartolommeo,hdibartolommeobi@altervista.org,Male,83.241.87.43,206
416,Antonin,Fache,afachebj@delicious.com,Male,186.27.166.68,417
417,Wendall,Shiels,wshielsbk@reddit.com,Male,68.114.7.29,75
418,Lou,Edwick,ledwickbl@washington.edu,Female,90.185.169.229,34
419,Hailee,Whalley,hwhalleybm@123-reg.co.uk,Female,167.229.107.63,45
420,Cullin,Moller,cmollerbn@stanford.edu,Male,185.178.156.181,979
421,Callie,Vasser,cvasserbo@narod.ru,Female,182.191.220.245,989
422,Bennie,Garland,bgarlandbp@constantcontact.com,Female,13.101.84.98,163
423,Nikaniki,Scranney,nscranneybq@ft.com,Female,21.27.184.66,122
424,Frannie,Balazin,fbalazinbr@rediff.com,Female,50.183.226.53,677
425,Roseline,MacBrearty,rmacbreartybs@nasa.gov,Female,248.126.64.251,678
426,Ferguson,Brellin,fbrellinbt@ted.com,Male,219.226.51.80,590
427,Radcliffe,Mitton,rmittonbu@quantcast.com,Male,89.207.79.20,902
428,Mel,Knuckles,mknucklesbv@shutterfly.com,Female,88.130.237.202,25
429,Maridel,Cristoferi,mcristoferibw@gmpg.org,Female,252.69.130.101,890
430,Corrina,MacRinn,cmacrinnbx@engadget.com,Female,32.201.69.214,95
431,Brandyn,Shird,bshirdby@sfgate.com,Male,207.176.9.165,771
432,Heindrick,Bordiss,hbordissbz@dropbox.com,Male,138.88.209.45,469
433,Kinnie,Myerscough,kmyerscoughc0@dailymail.co.uk,Male,106.147.225.73,651
434,Dorothea,Lukesch,dlukeschc1@hc360.com,Female,192.86.17.153,773
435,Kristoffer,Pirri,kpirric2@census.gov,Genderfluid,111.234.34.89,899
436,Adria,Tooting,atootingc3@unicef.org,Female,226.219.70.97,489
437,Corney,Melly,cmellyc4@sciencedaily.com,Agender,146.36.176.156,526
438,Winne,Dugood,wdugoodc5@scientificamerican.com,Female,224.162.124.187,577
439,Caesar,Cumes,ccumesc6@example.com,Male,166.192.223.233,94
440,Celle,Milksop,cmilksopc7@twitpic.com,Female,241.158.68.142,616
441,Garvin,Kelsey,gkelseyc8@businesswire.com,Male,237.143.219.159,896
442,Elwin,Yggo,eyggoc9@mac.com,Male,171.58.4.132,61
443,Marijn,Tomas,mtomasca@examiner.com,Male,135.159.58.16,403
444,Hank,Iacovuzzi,hiacovuzzicb@hc360.com,Male,91.179.26.226,785
445,Kris,Hartford,khartfordcc@myspace.com,Female,106.92.192.59,17
446,Robbin,Hurcombe,rhurcombecd@businesswire.com,Female,202.38.255.193,702
447,Starlin,Cretney,scretneyce@miibeian.gov.cn,Female,56.22.70.103,367
448,Fredric,Zanetello,fzanetellocf@xinhuanet.com,Male,48.101.237.91,622
449,Davida,Kuschek,dkuschekcg@github.io,Female,122.9.217.228,476
450,Darcie,Wardingly,dwardinglych@ihg.com,Female,15.236.11.44,895
451,Raul,Zanioletti,rzaniolettici@webs.com,Male,135.17.209.80,506
452,Valentin,Haddacks,vhaddackscj@chron.com,Male,252.28.77.214,812
453,Alane,Chattington,achattingtonck@jalbum.net,Female,253.159.135.173,566
454,Bibbye,Ianinotti,bianinotticl@vistaprint.com,Female,109.74.254.110,640
455,Laverne,Olensby,lolensbycm@studiopress.com,Female,193.56.99.200,238
456,Marissa,Bertson,mbertsoncn@pagesperso-orange.fr,Female,17.128.176.38,678
457,Art,Malshinger,amalshingerco@vinaora.com,Non-binary,33.249.197.92,279
458,Domini,Grindley,dgrindleycp@umich.edu,Agender,82.130.243.177,833
459,Erena,Jenno,ejennocq@sakura.ne.jp,Female,188.235.191.114,565
460,Kris,Sedgeman,ksedgemancr@foxnews.com,Female,96.223.95.46,718
461,Quillan,Sollitt,qsollittcs@gmpg.org,Male,134.94.118.110,572
462,Millisent,MacKeever,mmackeeverct@mozilla.com,Female,137.182.70.132,638
463,Isacco,Eckels,ieckelscu@omniture.com,Male,150.45.75.18,86
464,Clementine,Carmichael,ccarmichaelcv@google.com.au,Female,176.65.104.106,653
465,Prisca,Burnhill,pburnhillcw@imageshack.us,Female,83.223.80.232,45
466,Kanya,Boddam,kboddamcx@artisteer.com,Female,63.112.66.19,87
467,Thomas,Bullman,tbullmancy@nbcnews.com,Genderfluid,126.148.30.80,327
468,Dewain,Backe,dbackecz@hud.gov,Male,43.243.225.226,604
469,Kaia,Izaac,kizaacd0@gmpg.org,Female,223.39.116.163,621
470,Jaquelin,Rupp,jruppd1@baidu.com,Female,63.249.69.243,593
471,Bat,Damsell,bdamselld2@seesaa.net,Male,1.151.84.167,216
472,Cora,Sandiford,csandifordd3@bloglines.com,Genderqueer,118.118.199.252,47
473,Kathryne,Vannuccinii,kvannucciniid4@ustream.tv,Non-binary,9.227.132.145,122
474,Ralf,Faas,rfaasd5@google.pl,Non-binary,27.205.103.29,616
475,Shaw,Londsdale,slondsdaled6@goodreads.com,Non-binary,119.107.1.19,685
476,Ring,Gosforth,rgosforthd7@google.com.br,Male,27.210.91.175,655
477,Amory,Losty,alostyd8@slashdot.org,Male,208.87.196.139,995
478,Bern,Peverell,bpeverelld9@va.gov,Male,24.61.20.132,50
479,Layney,Malletratt,lmalletrattda@ehow.com,Female,179.36.219.53,704
480,Fairleigh,Raddan,fraddandb@typepad.com,Male,221.7.253.92,739
481,Franky,Huygen,fhuygendc@joomla.org,Male,214.43.23.4,74
482,Viki,Codlin,vcodlindd@netlog.com,Female,251.132.57.239,793
483,Ashlin,Yell,ayellde@ebay.com,Male,16.52.77.185,194
484,Ludvig,Lavell,llavelldf@imageshack.us,Male,224.107.184.242,522
485,Olag,Rembrandt,orembrandtdg@mapy.cz,Male,72.84.156.195,169
486,Benjy,Candlin,bcandlindh@elpais.com,Male,105.150.81.34,388
487,Tobey,Blackborough,tblackboroughdi@shop-pro.jp,Female,41.51.100.26,272
488,Irita,Dungey,idungeydj@123-reg.co.uk,Female,129.163.162.18,88
489,Raven,Baythrop,rbaythropdk@tinyurl.com,Female,115.206.205.167,621
490,Giacinta,Alywen,galywendl@nbcnews.com,Bigender,65.81.142.111,807
491,Raquela,Durnall,rdurnalldm@dagondesign.com,Female,51.125.158.214,261
492,Jermayne,Annon,jannondn@forbes.com,Male,24.203.140.231,261
493,Ardith,Henzley,ahenzleydo@cpanel.net,Female,150.131.71.40,345
494,Augustus,Ridolfo,aridolfodp@nba.com,Male,111.220.127.159,332
495,Bevan,Pillington,bpillingtondq@photobucket.com,Genderqueer,236.216.235.140,247
496,Odilia,Tomasicchio,otomasicchiodr@ucla.edu,Genderfluid,105.28.41.31,499
497,Aubree,Jenicek,ajenicekds@hao123.com,Female,22.41.140.110,845
498,Ysabel,Sarrell,ysarrelldt@yahoo.co.jp,Female,30.186.183.149,72
499,Nikolaus,Don,ndondu@geocities.com,Male,85.54.219.125,609
500,Tomlin,Venmore,tvenmoredv@amazon.co.uk,Male,226.253.83.212,477
501,Lindy,Lesser,llesserdw@youtube.com,Male,175.242.96.218,365
502,Albertine,Hovey,ahoveydx@deliciousdays.com,Female,126.244.126.200,34
503,Stephan,Keenor,skeenordy@apple.com,Male,155.134.30.4,709
504,Nathalia,Newdick,nnewdickdz@princeton.edu,Female,29.32.106.194,176
505,Elvera,Caherny,ecahernye0@cocolog-nifty.com,Female,11.33.94.207,755
506,Ellissa,Tootell,etootelle1@weather.com,Female,46.240.70.96,262
507,Theodoric,Sawle,tsawlee2@simplemachines.org,Male,53.219.188.240,352
508,Brose,Thys,bthyse3@utexas.edu,Male,154.144.105.175,186
509,Giovanni,Soppit,gsoppite4@ftc.gov,Male,60.65.98.241,222
510,Gabi,Akitt,gakitte5@europa.eu,Male,94.214.57.222,781
511,Rouvin,Baudinelli,rbaudinellie6@yolasite.com,Male,75.87.173.150,524
512,Rosamund,Trobey,rtrobeye7@jugem.jp,Female,211.185.135.210,325
513,Gill,Naylor,gnaylore8@netlog.com,Female,215.93.102.94,546
514,Thane,Southers,tsoutherse9@cocolog-nifty.com,Male,157.59.45.236,969
515,Bran,Stigers,bstigersea@yellowbook.com,Male,223.92.54.119,534
516,Staffard,Caslane,scaslaneeb@nytimes.com,Male,211.234.97.70,91
517,Brewster,Eginton,begintonec@upenn.edu,Bigender,54.89.234.138,715
518,Candy,Habbert,chabberted@cloudflare.com,Female,1.45.254.68,483
519,Crystal,Dalyiel,cdalyielee@hp.com,Female,13.134.80.157,191
520,Isa,Forre,iforreef@hatena.ne.jp,Male,127.116.200.195,391
521,Rahal,Balshaw,rbalshaweg@blogspot.com,Female,102.1.58.176,63
522,Cassey,Wimpenny,cwimpennyeh@apple.com,Agender,7.1.131.153,270
523,Nathaniel,Rooper,nrooperei@kickstarter.com,Male,63.171.224.158,487
524,Jeffry,Roller,jrollerej@disqus.com,Male,152.53.155.85,868
525,Tanya,Esilmon,tesilmonek@parallels.com,Female,188.24.14.213,594
526,Kristan,Enrich,kenrichel@hugedomains.com,Female,185.194.211.230,114
527,Windham,Schiefersten,wschieferstenem@tmall.com,Male,55.175.83.131,750
528,Alaster,Salatino,asalatinoen@blinklist.com,Male,3.215.119.118,59
529,Cory,Desaur,cdesaureo@wisc.edu,Female,151.231.227.79,459
530,Giorgi,Thirsk,gthirskep@prnewswire.com,Male,139.85.121.113,863
531,Caria,Kestian,ckestianeq@netscape.com,Female,73.62.255.234,32
532,Laura,Crippen,lcrippener@unc.edu,Female,105.120.61.150,409
533,Sari,Ramel,srameles@vimeo.com,Female,97.40.6.73,853
534,Elora,Harriot,eharriotet@mapquest.com,Female,200.195.238.243,740
535,Minnaminnie,Inchley,minchleyeu@statcounter.com,Female,39.233.11.6,877
536,Faun,Larmett,flarmettev@google.pl,Female,96.173.42.4,969
537,Gaspard,Spilsted,gspilstedew@wisc.edu,Male,168.50.79.133,919
538,Tish,Winteringham,twinteringhamex@sogou.com,Female,48.29.113.23,623
539,Sheree,Shapter,sshapterey@vistaprint.com,Female,151.147.43.150,549
540,Filmer,Dionsetto,fdionsettoez@cloudflare.com,Male,247.120.208.182,493
541,Woodie,Giannasi,wgiannasif0@discuz.net,Genderfluid,78.243.169.54,20
542,Basile,Winsbury,bwinsburyf1@ed.gov,Male,138.104.63.118,620
543,Daphene,Maskall,dmaskallf2@microsoft.com,Female,73.48.202.186,687
544,Kris,Schulke,kschulkef3@sun.com,Female,230.62.192.151,606
545,Odie,Marrows,omarrowsf4@usa.gov,Male,186.39.191.129,244
546,Michelle,Scotti,mscottif5@uiuc.edu,Genderqueer,247.106.211.146,184
547,Trevor,Rounce,trouncef6@technorati.com,Male,208.191.12.189,709
548,Shurwood,Dudek,sdudekf7@theatlantic.com,Male,124.158.248.71,646
549,Gretal,Simnel,gsimnelf8@hp.com,Female,35.170.172.249,753
550,Jenilee,Nye,jnyef9@sina.com.cn,Female,134.2.29.85,797
551,Bronny,Poser,bposerfa@globo.com,Male,10.157.222.117,730
552,Forrester,Keyse,fkeysefb@seattletimes.com,Male,191.102.114.200,874
553,Margaux,Slaight,mslaightfc@ft.com,Female,203.0.81.240,631
554,Lazare,Heffernan,lheffernanfd@yahoo.com,Male,34.242.177.77,808
555,Eirena,Tarney,etarneyfe@tinypic.com,Female,251.146.4.19,49
556,Ida,Whittock,iwhittockff@barnesandnoble.com,Genderqueer,28.177.68.209,220
557,Yancy,Diament,ydiamentfg@vimeo.com,Genderqueer,249.122.154.58,811
558,Winonah,Eskrigge,weskriggefh@posterous.com,Female,90.25.182.21,491
559,Ysabel,Smallshaw,ysmallshawfi@themeforest.net,Female,196.87.134.82,405
560,Therine,Corradino,tcorradinofj@usgs.gov,Genderqueer,148.14.134.19,856
561,Anissa,Grosvener,agrosvenerfk@statcounter.com,Genderfluid,170.20.231.162,813
562,Lanita,Itter,litterfl@liveinternet.ru,Female,230.171.143.148,774
563,Filbert,Jain,fjainfm@g.co,Male,81.170.86.166,373
564,Alvie,Gutierrez,agutierrezfn@opensource.org,Genderqueer,213.56.141.25,537
565,Shepard,Hartlebury,shartleburyfo@indiatimes.com,Genderqueer,52.72.48.175,701
566,Felicia,Janczewski,fjanczewskifp@bbb.org,Female,71.182.159.124,36
567,Hailee,McGrath,hmcgrathfq@feedburner.com,Female,5.41.158.224,330
568,Desdemona,Crookshank,dcrookshankfr@columbia.edu,Female,142.201.160.78,987
569,Merrile,Lynn,mlynnfs@shinystat.com,Female,173.42.239.171,673
570,Rickey,Skillen,rskillenft@go.com,Non-binary,64.180.35.31,317
571,Hinze,Willbond,hwillbondfu@youtu.be,Male,210.161.10.214,331
572,Wendeline,Leacock,wleacockfv@pagesperso-orange.fr,Female,197.202.203.161,635
573,Malina,Antao,mantaofw@slashdot.org,Female,33.197.135.119,215
574,Clyde,Sanches,csanchesfx@chicagotribune.com,Male,187.132.92.91,111
575,Janelle,Vickors,jvickorsfy@alexa.com,Female,157.55.120.177,462
576,Josephina,Oene,joenefz@cbsnews.com,Bigender,16.108.19.214,404
577,Hayward,Fain,hfaing0@infoseek.co.jp,Male,132.249.53.85,737
578,Winston,Winchcombe,wwinchcombeg1@wikipedia.org,Male,210.155.184.36,766
579,Shaylyn,Momford,smomfordg2@cornell.edu,Female,72.225.219.125,462
580,Filmer,Mattedi,fmattedig3@arstechnica.com,Male,91.81.80.198,504
581,Tedmund,Garnsey,tgarnseyg4@edublogs.org,Male,51.213.208.101,314
582,Leeanne,Feldbrin,lfeldbring5@booking.com,Female,165.242.224.2,380
583,Saunder,Simonnin,ssimonning6@house.gov,Male,146.78.234.67,234
584,Bern,Dowd,bdowdg7@dailymotion.com,Male,16.201.144.51,600
585,Walt,Bridger,wbridgerg8@reddit.com,Male,14.113.89.204,136
586,Gage,Huckleby,ghucklebyg9@census.gov,Male,195.159.238.190,896
587,Fancie,Smedley,fsmedleyga@wisc.edu,Female,243.87.137.78,742
588,Ekaterina,Ranstead,eransteadgb@google.com,Agender,151.180.130.92,822
589,Ashley,Ryal,aryalgc@360.cn,Female,199.5.255.245,378
590,Deck,Howels,dhowelsgd@artisteer.com,Non-binary,73.243.212.123,780
591,Emmy,McKibbin,emckibbinge@phpbb.com,Male,120.207.92.215,998
592,Hamel,Eakeley,heakeleygf@topsy.com,Male,245.99.13.193,934
593,Gabbie,Haggett,ghaggettgg@examiner.com,Male,103.150.226.106,712
594,Birch,McKeag,bmckeaggh@liveinternet.ru,Male,204.170.60.182,368
595,Haze,Kenaway,hkenawaygi@sourceforge.net,Male,68.53.134.244,761
596,Michaeline,Karadzas,mkaradzasgj@archive.org,Female,31.240.126.149,556
597,Horatius,Povlsen,hpovlsengk@nhs.uk,Male,74.126.116.21,180
598,Shelia,Stringer,sstringergl@godaddy.com,Female,159.75.92.250,75
599,Dulcia,Bustin,dbustingm@patch.com,Female,184.170.108.51,501
600,Norah,Wellen,nwellengn@smh.com.au,Female,245.247.81.20,545
601,Kinnie,Kitcherside,kkitchersidego@tripadvisor.com,Male,208.84.7.239,798
602,Fremont,Martinyuk,fmartinyukgp@bloglovin.com,Male,144.240.107.33,771
603,Willie,Brizell,wbrizellgq@a8.net,Polygender,45.184.24.33,663
604,Ainsley,Lawn,alawngr@ifeng.com,Female,137.239.79.192,748
605,Silvan,Gerg,sgerggs@dedecms.com,Male,190.5.68.254,120
606,Morena,Gillebride,mgillebridegt@moonfruit.com,Female,109.147.104.164,129
607,Nannie,Studdal,nstuddalgu@so-net.ne.jp,Female,189.210.242.65,937
608,Nana,Weale,nwealegv@ox.ac.uk,Female,81.3.155.75,349
609,Celestia,Bexley,cbexleygw@unicef.org,Female,131.43.183.140,909
610,Nataline,Orman,normangx@forbes.com,Female,35.102.143.116,102
611,Rory,Licciardo,rlicciardogy@reverbnation.com,Female,126.79.116.147,279
612,Dulsea,Thairs,dthairsgz@mac.com,Female,212.94.149.100,486
613,Blinnie,Matchell,bmatchellh0@webeden.co.uk,Female,188.117.8.148,845
614,Kati,Samber,ksamberh1@nature.com,Female,200.255.75.35,942
615,Filmer,Fantham,ffanthamh2@homestead.com,Male,187.233.48.189,229
616,Dino,Malletratt,dmalletratth3@unesco.org,Male,79.135.141.169,468
617,Tynan,Judkin,tjudkinh4@cocolog-nifty.com,Male,61.22.173.251,446
618,Torie,Duplain,tduplainh5@hhs.gov,Female,137.161.21.200,66
619,Osmond,Di Napoli,odinapolih6@rambler.ru,Male,228.233.231.74,192
620,Hunt,Beining,hbeiningh7@yellowbook.com,Male,209.84.227.108,617
621,Sonny,McIlwraith,smcilwraithh8@bloomberg.com,Male,33.147.182.96,484
622,Conchita,Dore,cdoreh9@surveymonkey.com,Female,66.217.74.82,785
623,Friedrich,Gebbie,fgebbieha@blogtalkradio.com,Male,201.133.252.17,586
624,Mitchael,Everwin,meverwinhb@answers.com,Male,99.233.211.10,40
625,Nancey,Hacon,nhaconhc@163.com,Female,57.6.192.40,156
626,Weidar,Salasar,wsalasarhd@taobao.com,Male,10.103.126.174,519
627,Ivette,Risman,irismanhe@hud.gov,Female,114.90.99.121,90
628,Vincenz,Wormald,vwormaldhf@hao123.com,Male,15.195.37.27,252
629,Anjela,Lyne,alynehg@dyndns.org,Female,183.108.69.98,107
630,Dyna,Belz,dbelzhh@cafepress.com,Female,249.176.119.248,553
631,Thomasina,Nelm,tnelmhi@flickr.com,Female,124.100.112.31,537
632,Vite,Ausher,vausherhj@cafepress.com,Male,153.245.32.220,353
633,Hilliard,Todarini,htodarinihk@hp.com,Male,107.158.231.213,770
634,Bale,Frankland,bfranklandhl@answers.com,Male,74.14.79.169,420
635,Siouxie,Porker,sporkerhm@senate.gov,Female,67.206.96.184,811
636,Jeanna,Gabbett,jgabbetthn@twitter.com,Female,253.203.156.124,629
637,Germayne,Bartholomieu,gbartholomieuho@twitpic.com,Male,57.142.48.239,655
638,Cyndi,Beathem,cbeathemhp@usda.gov,Female,118.140.201.156,449
639,Francoise,Ruben,frubenhq@lycos.com,Female,125.30.190.173,85
640,Candice,Brumhead,cbrumheadhr@ox.ac.uk,Female,116.233.212.237,514
641,Harp,Goodhand,hgoodhandhs@marketwatch.com,Male,151.29.163.86,520
642,Jordon,Devine,jdevineht@phpbb.com,Male,102.92.47.172,826
643,Mattias,Kunkel,mkunkelhu@unesco.org,Male,96.1.219.21,96
644,Malory,Junes,mjuneshv@unicef.org,Female,32.255.171.98,309
645,Fidelio,Pitford,fpitfordhw@blog.com,Male,77.67.230.93,711
646,Peter,Kalinowsky,pkalinowskyhx@moonfruit.com,Male,41.36.127.170,427
647,Kathryn,Shreenan,kshreenanhy@github.com,Female,180.246.173.117,602
648,Grazia,Winsley,gwinsleyhz@samsung.com,Female,93.0.183.186,664
649,Felice,Hamnet,fhamneti0@deliciousdays.com,Male,124.88.136.18,904
650,Diego,Brodbin,dbrodbini1@trellian.com,Male,105.106.209.140,437
651,Boycie,Ebi,bebii2@mit.edu,Male,242.247.97.43,441
652,Farah,Beaten,fbeateni3@51.la,Female,39.246.201.150,841
653,Joaquin,Francescoccio,jfrancescoccioi4@nasa.gov,Male,71.130.97.202,198
654,Joanie,Priddy,jpriddyi5@utexas.edu,Female,198.57.127.123,858
655,Nancy,Guenther,nguentheri6@virginia.edu,Female,210.83.112.122,341
656,Morley,Dengel,mdengeli7@e-recht24.de,Male,136.104.29.7,901
657,Dasha,Pentin,dpentini8@ebay.co.uk,Female,175.35.165.190,765
658,Stillman,O'Glessane,soglessanei9@nifty.com,Male,188.208.145.58,987
659,Maggy,Westcarr,mwestcarria@booking.com,Female,129.34.178.56,30
660,Vin,Cushelly,vcushellyib@dion.ne.jp,Male,145.92.39.232,494
661,Nikki,Bradbrook,nbradbrookic@hhs.gov,Female,161.179.39.95,575
662,Dav,Pearle,dpearleid@jalbum.net,Male,234.148.19.189,895
663,Hughie,Ruddle,hruddleie@upenn.edu,Male,44.163.86.183,962
664,Nancey,Sandercock,nsandercockif@bbb.org,Female,24.126.65.248,647
665,Sid,Dragge,sdraggeig@dailymail.co.uk,Male,252.185.59.173,591
666,Elissa,Zipsell,ezipsellih@hubpages.com,Female,220.108.15.151,939
667,Jordan,Youll,jyoullii@bloglovin.com,Agender,196.71.97.24,316
668,Farrell,Pancoust,fpancoustij@upenn.edu,Male,161.192.19.223,981
669,Bert,Booth,bboothik@nature.com,Male,75.64.136.194,863
670,Ricky,Martijn,rmartijnil@bbb.org,Male,58.29.139.218,148
671,Pasquale,Borland,pborlandim@opensource.org,Male,18.58.169.34,103
672,Rory,De Souza,rdesouzain@house.gov,Female,100.252.31.0,311
673,Mike,Brownsell,mbrownsellio@slate.com,Male,221.41.181.252,926
674,Nelly,Beardwell,nbeardwellip@ed.gov,Female,51.55.57.54,872
675,Ignatius,Bonhomme,ibonhommeiq@uiuc.edu,Male,122.205.106.7,179
676,Dolly,Pike,dpikeir@woothemes.com,Female,193.127.172.124,686
677,Roberta,Townrow,rtownrowis@telegraph.co.uk,Polygender,26.12.80.71,955
678,Cletus,Logsdail,clogsdailit@fda.gov,Male,197.100.163.33,571
679,Selina,Palfreeman,spalfreemaniu@dell.com,Female,255.6.108.71,226
680,Bryana,Caze,bcazeiv@wufoo.com,Female,158.199.16.168,352
681,Chance,De Gouy,cdegouyiw@boston.com,Male,212.166.157.119,679
682,Stacee,McMeekan,smcmeekanix@latimes.com,Female,7.194.166.169,964
683,Anders,Kordt,akordtiy@vk.com,Male,177.255.198.82,195
684,Ash,Presley,apresleyiz@accuweather.com,Male,64.203.25.164,786
685,Riordan,Falvey,rfalveyj0@flavors.me,Male,162.132.1.159,970
686,Georgia,MacSweeney,gmacsweeneyj1@digg.com,Female,1.93.239.42,270
687,Monah,Yanson,myansonj2@cbslocal.com,Female,26.176.168.230,783
688,Rori,Sterte,rstertej3@cargocollective.com,Female,241.179.52.240,767
689,Kristyn,Vasilov,kvasilovj4@ted.com,Female,6.117.58.248,428
690,Ami,Sheather,asheatherj5@feedburner.com,Female,0.34.173.145,923
691,Rikki,Lambotin,rlambotinj6@networkadvertising.org,Agender,70.174.158.109,113
692,Van,Hamshar,vhamsharj7@opensource.org,Male,59.59.174.190,198
693,Arty,Mowling,amowlingj8@dailymotion.com,Male,113.244.102.80,680
694,Carney,Ishak,cishakj9@google.pl,Male,36.190.79.3,1
695,Timmie,Langran,tlangranja@vistaprint.com,Male,205.7.40.159,228
696,Binni,Barenski,bbarenskijb@va.gov,Female,234.11.171.144,282
697,Rebecka,Barkworth,rbarkworthjc@php.net,Female,1.200.193.13,230
698,Gene,Hanbridge,ghanbridgejd@csmonitor.com,Female,205.235.109.221,122
699,Nealon,Griffin,ngriffinje@gravatar.com,Genderqueer,67.203.111.3,192
700,Starlene,Drinnan,sdrinnanjf@hud.gov,Female,188.119.218.255,344
701,Hube,Stenner,hstennerjg@vinaora.com,Male,40.208.163.67,935
702,Kylen,Bohills,kbohillsjh@auda.org.au,Female,224.18.129.99,536
703,Chelsie,Keeltagh,ckeeltaghji@rakuten.co.jp,Female,159.94.131.248,344
704,Bessie,Hessentaler,bhessentalerjj@amazon.co.uk,Female,150.97.42.230,670
705,Dimitry,Morena,dmorenajk@phpbb.com,Male,13.161.34.75,582
706,Steffen,Stothert,sstothertjl@intel.com,Male,36.167.213.124,64
707,Gretchen,Standeven,gstandevenjm@networkadvertising.org,Female,69.175.204.115,399
708,Tricia,Zelley,tzelleyjn@addtoany.com,Non-binary,118.34.172.195,294
709,Holden,Flahy,hflahyjo@ed.gov,Male,30.95.130.64,844
710,Tobin,Spenclay,tspenclayjp@flickr.com,Agender,113.249.136.157,949
711,Lindsay,Linturn,llinturnjq@nationalgeographic.com,Male,206.95.122.223,759
712,Tonie,Kinningley,tkinningleyjr@sphinn.com,Female,80.176.69.221,328
713,Dalenna,Hof,dhofjs@ehow.com,Bigender,233.188.31.70,469
714,Lindy,Birdfield,lbirdfieldjt@theatlantic.com,Female,128.168.179.65,841
715,Mead,Jurasek,mjurasekju@yellowbook.com,Female,159.52.111.145,762
716,Sebastien,Mucci,smuccijv@purevolume.com,Male,161.17.169.231,488
717,Mendie,Simmonite,msimmonitejw@answers.com,Male,255.44.96.12,93
718,Romola,Heffernon,rheffernonjx@webnode.com,Female,177.55.194.167,258
719,Clea,Gorst,cgorstjy@alibaba.com,Female,48.140.137.43,498
720,Cristen,Spraggs,cspraggsjz@ihg.com,Non-binary,91.104.107.14,73
721,Mac,Mallya,mmallyak0@ibm.com,Male,200.27.239.214,558
722,Dominique,Pomfrett,dpomfrettk1@netvibes.com,Female,7.97.156.161,587
723,Sholom,Huortic,shuortick2@google.com.hk,Male,122.243.208.172,881
724,Bren,Testo,btestok3@delicious.com,Female,219.84.179.158,538
725,Rusty,Aubert,raubertk4@oracle.com,Male,236.132.167.116,526
726,Ofilia,Guiducci,oguiduccik5@opensource.org,Female,24.165.150.153,123
727,Ofella,Rame,oramek6@unc.edu,Female,172.13.87.47,206
728,Cristina,Flaunders,cflaundersk7@live.com,Female,177.239.132.192,619
729,Alexandrina,Grocock,agrocockk8@sphinn.com,Female,17.232.4.33,324
730,Harlie,McNern,hmcnernk9@geocities.jp,Female,174.165.16.79,666
731,Jill,Duffy,jduffyka@reddit.com,Female,107.16.163.139,336
732,Quintina,Martygin,qmartyginkb@hao123.com,Female,238.157.99.122,799
733,Cos,Snugg,csnuggkc@whitehouse.gov,Male,156.112.82.152,170
734,Geno,Scully,gscullykd@bigcartel.com,Male,151.242.96.67,363
735,Briggs,Opie,bopieke@irs.gov,Genderqueer,25.79.0.177,70
736,Wallie,Affleck,waffleckkf@elpais.com,Male,200.233.141.25,632
737,Pierson,McIleen,pmcileenkg@seesaa.net,Male,222.34.97.8,420
738,Olwen,Heymann,oheymannkh@sakura.ne.jp,Female,123.182.243.96,390
739,Bunnie,Collocott,bcollocottki@google.nl,Female,17.83.152.8,175
740,Roddy,Cuming,rcumingkj@hubpages.com,Non-binary,158.71.59.240,193
741,Julio,Murney,jmurneykk@opera.com,Male,21.29.68.109,479
742,Zebulen,Sobtka,zsobtkakl@intel.com,Male,24.50.89.15,927
743,Dredi,Keets,dkeetskm@prnewswire.com,Genderqueer,167.72.155.225,783
744,Jeana,Kubera,jkuberakn@friendfeed.com,Female,254.66.92.182,781
745,Lonna,Gurys,lgurysko@liveinternet.ru,Female,30.209.59.225,771
746,Anett,Ravillas,aravillaskp@histats.com,Female,128.143.216.195,97
747,Cassi,Pimme,cpimmekq@japanpost.jp,Female,99.126.70.234,954
748,Maybelle,Courtier,mcourtierkr@unicef.org,Female,91.89.247.134,317
749,Bev,Rist,bristks@php.net,Male,59.179.225.72,78
750,Gene,Lipson,glipsonkt@chronoengine.com,Male,214.67.195.236,394
751,Sioux,Antonovic,santonovicku@elegantthemes.com,Female,113.58.123.242,275
752,Deeanne,Necolds,dnecoldskv@usgs.gov,Female,141.145.217.11,321
753,Erich,Goolding,egooldingkw@imgur.com,Male,144.149.80.155,109
754,Venus,MacCarter,vmaccarterkx@ameblo.jp,Polygender,249.140.57.18,914
755,Siward,Curcher,scurcherky@statcounter.com,Male,14.245.49.16,285
756,Andie,Taphouse,ataphousekz@mlb.com,Male,76.223.175.241,727
757,Griff,Treace,gtreacel0@histats.com,Male,21.48.148.235,959
758,Lorens,Mariyushkin,lmariyushkinl1@smh.com.au,Male,123.109.79.6,263
759,Marcelo,Chazelas,mchazelasl2@umn.edu,Male,205.189.16.207,671
760,Jude,Kettel,jkettell3@cargocollective.com,Male,32.160.164.168,64
761,Marshall,Singyard,msingyardl4@tinypic.com,Male,251.195.68.136,307
762,Dewie,Skynner,dskynnerl5@naver.com,Male,156.174.135.171,632
763,Cosme,Rilton,criltonl6@sakura.ne.jp,Male,221.8.94.67,918
764,Townie,Avery,taveryl7@oracle.com,Male,142.163.98.219,391
765,Yvette,Costellow,ycostellowl8@nifty.com,Female,93.40.229.74,679
766,Wayne,Kedslie,wkedsliel9@mapquest.com,Male,190.66.177.87,832
767,Hynda,Lissandrini,hlissandrinila@mozilla.com,Female,81.149.133.205,135
768,Clayborne,Buchan,cbuchanlb@cbsnews.com,Male,149.191.157.27,431
769,Nannette,Heliet,nhelietlc@blogtalkradio.com,Female,128.159.30.6,703
770,Holly-anne,Linguard,hlinguardld@mapy.cz,Bigender,93.100.74.217,15
771,Ethe,Dracey,edraceyle@netvibes.com,Non-binary,55.213.77.211,174
772,Gilbert,de Najera,gdenajeralf@statcounter.com,Male,131.218.46.186,153
773,Urbanus,Asson,uassonlg@google.co.uk,Male,238.98.58.219,840
774,Flor,Brinkley,fbrinkleylh@i2i.jp,Female,25.2.18.154,467
775,Prent,Gates,pgatesli@chronoengine.com,Male,195.187.135.157,561
776,Hubie,Murrhaupt,hmurrhauptlj@gizmodo.com,Male,86.190.228.150,782
777,Alfred,Skerm,askermlk@ezinearticles.com,Male,107.181.161.104,801
778,Gabriel,Tull,gtullll@constantcontact.com,Female,79.65.127.103,235
779,Cornie,Wainscot,cwainscotlm@creativecommons.org,Female,114.30.102.132,476
780,Christalle,Laurencot,claurencotln@nyu.edu,Female,72.240.22.201,567
781,Coretta,Troutbeck,ctroutbecklo@youku.com,Female,170.176.8.119,255
782,Eberto,Le Pruvost,elepruvostlp@jigsy.com,Male,53.249.136.67,851
783,Gasper,Peeter,gpeeterlq@wp.com,Male,6.219.91.115,672
784,Ennis,Pinchback,epinchbacklr@hud.gov,Male,224.213.17.39,792
785,Babita,Lening,bleningls@unc.edu,Female,167.170.99.244,752
786,Tucky,Pagett,tpagettlt@wunderground.com,Male,184.194.231.155,201
787,Nikki,Frontczak,nfrontczaklu@ebay.com,Male,64.127.210.72,238
788,Robbin,McWhan,rmcwhanlv@latimes.com,Female,201.88.67.50,325
789,Mozelle,Kleehuhler,mkleehuhlerlw@1688.com,Female,200.66.62.114,729
790,Munroe,Riping,mripinglx@goo.gl,Male,120.217.161.107,871
791,Gregoire,MacCroary,gmaccroaryly@who.int,Male,216.205.90.234,911
792,Mayer,Duthie,mduthielz@wp.com,Male,167.47.233.93,339
793,Edlin,Hixley,ehixleym0@irs.gov,Male,131.70.206.60,882
794,Joey,Waliszewski,jwaliszewskim1@a8.net,Male,159.107.248.149,289
795,Anna,Djokovic,adjokovicm2@indiegogo.com,Female,124.71.52.67,531
796,Aggi,Vile,avilem3@ovh.net,Female,43.94.236.101,131
797,Christoper,Brito,cbritom4@about.com,Male,189.175.193.167,746
798,Simone,Byne,sbynem5@stumbleupon.com,Male,73.204.33.0,560
799,Gan,Vasnev,gvasnevm6@samsung.com,Male,40.72.186.235,893
800,Dasha,Orneblow,dorneblowm7@kickstarter.com,Female,6.239.70.71,767
801,Clarke,Zimmermeister,czimmermeisterm8@list-manage.com,Male,135.244.163.55,698
802,Carry,Tesh,cteshm9@skype.com,Female,136.50.121.88,899
803,Joshia,Skaif,jskaifma@studiopress.com,Male,209.44.139.70,912
804,Tansy,Plampeyn,tplampeynmb@people.com.cn,Female,18.166.25.59,736
805,Loraine,Oager,loagermc@rediff.com,Female,132.158.200.253,211
806,Rory,Gathercoal,rgathercoalmd@skype.com,Female,187.147.81.81,685
807,Alicia,Fairney,afairneyme@google.ca,Female,179.58.17.166,496
808,Jo,Scholes,jscholesmf@xrea.com,Male,242.19.223.142,689
809,Montague,Port,mportmg@wired.com,Male,4.117.234.86,251
810,Terri-jo,Calken,tcalkenmh@accuweather.com,Female,83.130.146.237,961
811,Davita,Ghidoni,dghidonimi@icio.us,Polygender,137.3.150.90,788
812,Zilvia,Paunsford,zpaunsfordmj@paypal.com,Female,15.97.2.204,663
813,Jarret,Kubica,jkubicamk@plala.or.jp,Male,53.119.162.117,490
814,Gawen,Dawkes,gdawkesml@biglobe.ne.jp,Male,93.95.116.162,409
815,Dennison,Roderham,droderhammm@naver.com,Male,207.173.84.110,246
816,Pietrek,Spence,pspencemn@nhs.uk,Bigender,78.249.226.114,42
817,Terri,Meak,tmeakmo@sciencedirect.com,Female,156.140.39.204,496
818,Dennison,Guiett,dguiettmp@163.com,Male,7.199.251.24,958
819,Myrtle,Brodnecke,mbrodneckemq@paginegialle.it,Female,154.232.99.3,641
820,Lucas,Proppers,lproppersmr@hostgator.com,Male,65.141.148.105,120
821,Justin,Iglesia,jiglesiams@google.it,Male,106.73.13.45,544
822,Alicia,Reinbech,areinbechmt@wp.com,Female,100.107.34.23,856
823,Katrinka,Vallentine,kvallentinemu@sourceforge.net,Female,169.193.98.18,533
824,Abby,Wanka,awankamv@spotify.com,Female,99.94.141.163,722
825,Lind,Lismore,llismoremw@nhs.uk,Male,169.71.88.239,6
826,Gale,Roma,gromamx@ask.com,Female,192.81.252.202,128
827,Chrisy,Wiburn,cwiburnmy@cbc.ca,Male,11.65.14.58,734
828,Felita,Roswarne,froswarnemz@home.pl,Female,83.104.217.198,510
829,Mina,Langfield,mlangfieldn0@fc2.com,Female,214.119.93.243,130
830,Dulcea,Demsey,ddemseyn1@elegantthemes.com,Female,66.46.142.165,570
831,Fabian,Kersley,fkersleyn2@sogou.com,Male,17.106.186.140,221
832,Elihu,Duell,eduelln3@rakuten.co.jp,Male,236.196.152.81,31
833,Annmaria,Deboo,adeboon4@unicef.org,Female,132.160.39.66,318
834,Uta,Carbin,ucarbinn5@sogou.com,Female,171.165.153.7,402
835,Natala,Cooper,ncoopern6@globo.com,Female,112.84.38.133,277
836,Arlinda,Margrett,amargrettn7@cyberchimps.com,Female,103.5.127.144,834
837,Tristam,Gartland,tgartlandn8@youtube.com,Male,109.71.174.237,337
838,Meredithe,Raggles,mragglesn9@pbs.org,Female,248.93.211.90,580
839,Ingra,Loutheane,iloutheanena@unblog.fr,Male,50.215.38.121,521
840,Ravi,Fulker,rfulkernb@fda.gov,Male,105.112.162.137,694
841,Nichole,Forsyde,nforsydenc@discuz.net,Female,144.101.120.46,165
842,Thadeus,Thompstone,tthompstonend@yellowpages.com,Male,127.249.207.136,776
843,Heriberto,Rossin,hrossinne@techcrunch.com,Male,87.9.162.136,819
844,Tiebold,Crinidge,tcrinidgenf@ibm.com,Male,7.80.136.3,326
845,Jdavie,Hartnell,jhartnellng@123-reg.co.uk,Male,219.66.37.237,659
846,Diego,Barker,dbarkernh@goo.gl,Male,213.87.230.168,293
847,Eden,Gierok,egierokni@aboutads.info,Female,189.129.61.166,861
848,Isabeau,Dilleway,idillewaynj@networkadvertising.org,Female,225.30.150.239,55
849,Mariska,Belson,mbelsonnk@sakura.ne.jp,Non-binary,226.236.13.31,54
850,Winna,Shakelade,wshakeladenl@wunderground.com,Female,31.47.215.173,560
851,Billie,Jerke,bjerkenm@utexas.edu,Bigender,44.197.34.165,850
852,Adamo,Jerzak,ajerzaknn@symantec.com,Male,31.214.149.27,76
853,Giovanni,Sharp,gsharpno@comcast.net,Male,42.8.93.217,65
854,Nolan,Vella,nvellanp@lulu.com,Male,248.209.0.65,408
855,Katalin,Oxenford,koxenfordnq@guardian.co.uk,Female,88.71.140.152,464
856,Ferdy,Sellers,fsellersnr@exblog.jp,Male,85.119.14.139,5
857,Brig,Jouanet,bjouanetns@rambler.ru,Male,185.74.71.2,153
858,Jordana,Milksop,jmilksopnt@tamu.edu,Female,89.245.146.104,509
859,Orrin,Padberry,opadberrynu@simplemachines.org,Male,85.2.74.6,963
860,Ag,Hosburn,ahosburnnv@de.vu,Female,239.35.49.69,130
861,Sonnnie,Puddan,spuddannw@squidoo.com,Female,61.134.7.115,335
862,Drugi,Carle,dcarlenx@friendfeed.com,Male,20.174.189.221,603
863,Gordy,Whitcomb,gwhitcombny@va.gov,Male,70.178.166.224,529
864,Grant,Petrishchev,gpetrishchevnz@dion.ne.jp,Male,202.59.184.176,796
865,Cristine,Allbrook,callbrooko0@marriott.com,Agender,251.75.3.245,255
866,Pauly,Eefting,peeftingo1@reuters.com,Male,99.136.25.213,424
867,Erma,Jikylls,ejikyllso2@ed.gov,Female,100.203.54.158,596
868,Shelagh,Duddell,sduddello3@ucoz.ru,Female,244.168.8.151,469
869,Stillman,Kent,skento4@angelfire.com,Male,165.177.180.144,366
870,Orland,Livzey,olivzeyo5@tamu.edu,Bigender,82.215.107.20,624
871,Reese,Hendrick,rhendricko6@jalbum.net,Male,105.102.56.147,818
872,Coletta,Pattle,cpattleo7@sitemeter.com,Agender,156.145.10.84,838
873,Munroe,Legion,mlegiono8@github.com,Male,174.158.50.187,17
874,Klarrisa,Gostick,kgosticko9@feedburner.com,Genderfluid,201.17.52.69,717
875,Sela,Corona,scoronaoa@tuttocitta.it,Female,59.114.51.240,984
876,Shanon,Ellson,sellsonob@miitbeian.gov.cn,Female,224.161.53.164,598
877,Benji,Jellman,bjellmanoc@google.cn,Male,94.251.129.43,148
878,Chalmers,Melody,cmelodyod@mashable.com,Male,35.173.90.91,292
879,Wade,Lunck,wlunckoe@sphinn.com,Genderqueer,25.21.143.39,994
880,Conant,Neary,cnearyof@nyu.edu,Male,159.142.151.214,683
881,Gordan,Asquith,gasquithog@addthis.com,Male,255.196.145.78,49
882,Rodi,Speight,rspeightoh@icq.com,Female,104.4.34.154,127
883,Lizbeth,Simonato,lsimonatooi@webs.com,Female,238.60.167.21,843
884,Adriane,Phillcox,aphillcoxoj@delicious.com,Female,188.73.88.225,602
885,Daffie,Christofides,dchristofidesok@wikia.com,Genderqueer,87.37.48.230,445
886,Raphaela,Minithorpe,rminithorpeol@edublogs.org,Female,193.109.84.135,375
887,Guilbert,Neely,gneelyom@blogtalkradio.com,Male,201.120.207.48,569
888,Tedman,Megarrell,tmegarrellon@deviantart.com,Male,11.64.15.215,401
889,Marrilee,Dottrell,mdottrelloo@state.gov,Female,105.18.54.211,611
890,Noel,Hathwood,nhathwoodop@acquirethisname.com,Bigender,121.126.187.158,726
891,Elsinore,Setford,esetfordoq@apache.org,Female,206.6.180.152,357
892,Rorie,Gilffilland,rgilffillandor@deliciousdays.com,Female,90.133.40.198,901
893,Vanni,Tubby,vtubbyos@pagesperso-orange.fr,Female,190.103.57.249,893
894,Ema,Hummerston,ehummerstonot@dyndns.org,Female,61.123.13.120,884
895,Kelci,Tewnion,ktewnionou@dailymail.co.uk,Polygender,92.119.154.64,1
896,Jakie,Flaunier,jflaunierov@g.co,Male,47.39.116.207,17
897,Bogart,Meaddowcroft,bmeaddowcroftow@sphinn.com,Male,45.39.101.246,650
898,Sallyanne,Peele,speeleox@skype.com,Polygender,165.161.100.46,910
899,Gerri,Bonnett,gbonnettoy@nytimes.com,Female,215.162.238.23,32
900,Zabrina,Segar,zsegaroz@noaa.gov,Female,185.210.58.56,668
901,Barbee,Slimme,bslimmep0@nymag.com,Female,70.67.164.138,250
902,Karlotte,Quinnet,kquinnetp1@goodreads.com,Female,142.130.5.198,619
903,Sadella,Fyers,sfyersp2@ft.com,Female,155.73.133.241,855
904,Nancey,Moreinu,nmoreinup3@livejournal.com,Female,174.131.202.126,873
905,Dayle,Regus,dregusp4@geocities.jp,Female,97.230.144.3,841
906,Shermy,Jandak,sjandakp5@t-online.de,Male,232.178.205.142,693
907,Alaine,Critten,acrittenp6@reuters.com,Female,238.17.253.114,172
908,Vincent,Ourry,vourryp7@comcast.net,Male,36.140.83.127,206
909,Pattin,Hardaway,phardawayp8@creativecommons.org,Male,201.228.11.80,275
910,Frayda,Dachey,fdacheyp9@tumblr.com,Female,36.39.15.11,336
911,Alfie,Ragsdale,aragsdalepa@barnesandnoble.com,Male,72.84.223.237,482
912,Emerson,Fermor,efermorpb@tripadvisor.com,Male,72.142.218.184,469
913,Uri,Balogh,ubaloghpc@npr.org,Genderfluid,150.172.211.33,42
914,Cathe,Taylerson,ctaylersonpd@indiatimes.com,Female,126.203.85.132,862
915,Cale,Kitson,ckitsonpe@smugmug.com,Male,52.24.84.84,465
916,Annamaria,Andrelli,aandrellipf@cyberchimps.com,Female,61.236.214.204,895
917,Tobit,Rehm,trehmpg@feedburner.com,Male,207.221.66.250,410
918,Jim,Chisholm,jchisholmph@wired.com,Male,19.177.56.107,40
919,Adel,MacBey,amacbeypi@washingtonpost.com,Female,183.36.141.213,344
920,Allistir,Arlet,aarletpj@pen.io,Male,235.133.248.248,285
921,Tarra,Russo,trussopk@dell.com,Female,71.47.56.9,114
922,Gerianna,Cosgrove,gcosgrovepl@skyrock.com,Female,113.117.0.220,709
923,Babita,Colten,bcoltenpm@sphinn.com,Female,74.214.22.228,285
924,Torre,Caveill,tcaveillpn@e-recht24.de,Male,41.193.218.17,606
925,Cchaddie,Mangion,cmangionpo@webnode.com,Male,107.210.237.254,167
926,Taber,Marshman,tmarshmanpp@reddit.com,Male,126.207.85.223,328
927,Jacobo,Nutter,jnutterpq@wikia.com,Male,109.76.161.20,539
928,Anabal,Amthor,aamthorpr@springer.com,Female,152.220.23.105,344
929,Joanie,Duding,jdudingps@pen.io,Female,152.22.195.182,368
930,Angeline,Spofford,aspoffordpt@toplist.cz,Female,74.104.179.103,637
931,Carlin,Bounde,cboundepu@wikimedia.org,Male,174.87.127.156,602
932,Zonnya,Benoist,zbenoistpv@bigcartel.com,Female,240.143.63.162,437
933,Hilliard,Karpol,hkarpolpw@soup.io,Male,187.7.243.255,918
934,Lorrie,Spaunton,lspauntonpx@reference.com,Female,87.22.148.107,665
935,Emory,Castille,ecastillepy@arizona.edu,Male,125.9.144.22,287
936,Bary,Lamyman,blamymanpz@guardian.co.uk,Male,220.60.127.46,747
937,Therine,Heathcott,theathcottq0@mlb.com,Female,163.171.166.73,76
938,Abagael,Guiot,aguiotq1@kickstarter.com,Female,240.126.230.77,611
939,Hector,Loutheane,hloutheaneq2@senate.gov,Male,139.169.64.104,511
940,Boris,Heakins,bheakinsq3@rakuten.co.jp,Male,167.126.212.31,548
941,Keir,Cluderay,kcluderayq4@ameblo.jp,Male,11.15.160.55,653
942,Evvie,Torrans,etorransq5@salon.com,Non-binary,174.121.194.90,659
943,Franklin,McBain,fmcbainq6@parallels.com,Male,51.50.99.190,963
944,Kylynn,Sowter,ksowterq7@odnoklassniki.ru,Female,167.16.77.235,310
945,Farrel,Creech,fcreechq8@dailymotion.com,Male,65.128.112.196,701
946,Rochette,McGettrick,rmcgettrickq9@hugedomains.com,Female,183.77.101.93,222
947,Thibaud,Foulser,tfoulserqa@ed.gov,Male,251.255.199.46,639
948,Arnold,Cammidge,acammidgeqb@illinois.edu,Male,103.220.126.214,755
949,Robyn,Jacobsz,rjacobszqc@biblegateway.com,Female,250.213.65.83,944
950,Standford,Glidden,sgliddenqd@ucsd.edu,Male,198.91.99.63,970
951,Lotty,Skeermor,lskeermorqe@soundcloud.com,Female,254.26.69.248,179
952,Jules,Essex,jessexqf@ft.com,Male,235.125.185.200,30
953,Mignonne,Danher,mdanherqg@japanpost.jp,Female,52.181.10.123,136
954,Anny,Yakunchikov,ayakunchikovqh@google.es,Female,35.153.241.243,423
955,Tymothy,Ivy,tivyqi@princeton.edu,Male,199.81.155.123,247
956,Pace,Skates,pskatesqj@ca.gov,Male,156.169.192.89,551
957,Hedvig,Terran,hterranqk@salon.com,Female,117.210.6.134,950
958,Carolynn,Peyro,cpeyroql@istockphoto.com,Female,225.19.169.135,354
959,Jyoti,Broomfield,jbroomfieldqm@ning.com,Female,85.152.254.43,345
960,Gleda,Romanelli,gromanelliqn@kickstarter.com,Female,78.27.47.67,428
961,Perry,Hartnell,phartnellqo@multiply.com,Male,202.93.71.16,916
962,Thacher,Espinay,tespinayqp@nbcnews.com,Male,221.233.208.59,453
963,Mendy,Johncey,mjohnceyqq@php.net,Male,130.205.237.218,450
964,Nichole,Liddicoat,nliddicoatqr@typepad.com,Male,111.151.144.37,68
965,Dottie,Gascoigne,dgascoigneqs@theglobeandmail.com,Female,120.98.45.119,138
966,Gawen,Enrrico,genrricoqt@weebly.com,Male,152.138.211.63,71
967,Yehudit,Semrad,ysemradqu@biblegateway.com,Male,146.113.156.42,620
968,Dido,Harrod,dharrodqv@gizmodo.com,Female,145.158.224.141,537
969,Evangeline,MacMearty,emacmeartyqw@eepurl.com,Female,181.152.153.36,815
970,Heloise,Grealish,hgrealishqx@shinystat.com,Female,48.96.255.154,1000
971,Felicle,Woodus,fwoodusqy@apple.com,Female,18.23.126.107,948
972,Napoleon,Wilflinger,nwilflingerqz@shinystat.com,Male,100.197.35.226,109
973,Emmalynne,Clampton,eclamptonr0@about.com,Female,89.182.216.77,336
974,Stirling,Sarginson,ssarginsonr1@npr.org,Male,255.29.36.248,10
975,Cecily,Smallacombe,csmallacomber2@about.com,Female,128.174.3.121,949
976,Phillip,Douch,pdouchr3@cdc.gov,Male,213.35.115.106,135
977,Brett,Hurburt,bhurburtr4@cisco.com,Female,160.216.236.165,263
978,Francene,Hinstock,fhinstockr5@bloglines.com,Genderqueer,25.165.232.80,767
979,Min,Carleton,mcarletonr6@elegantthemes.com,Female,142.103.229.243,472
980,Guido,McKew,gmckewr7@miibeian.gov.cn,Male,197.153.245.190,917
981,Emlen,Hanwright,ehanwrightr8@arstechnica.com,Male,116.236.65.22,844
982,Kory,Alti,kaltir9@blogtalkradio.com,Male,205.188.80.84,385
983,Sybilla,Simmons,ssimmonsra@yellowpages.com,Non-binary,6.47.137.203,63
984,Ive,O'Duggan,iodugganrb@oakley.com,Male,219.7.136.86,792
985,Delmore,McEntagart,dmcentagartrc@xrea.com,Male,161.3.127.8,813
986,Harriott,Downes,hdownesrd@sphinn.com,Female,134.77.126.248,573
987,Quentin,Doctor,qdoctorre@samsung.com,Bigender,122.235.28.215,802
988,Lezley,Payze,lpayzerf@mozilla.org,Male,148.79.29.252,47
989,Griffith,Burgisi,gburgisirg@alexa.com,Male,129.212.43.251,296
990,Lauri,Brookzie,lbrookzierh@nyu.edu,Female,160.91.45.14,570
991,Conni,Yglesias,cyglesiasri@fotki.com,Female,39.13.182.58,657
992,Freemon,Looby,floobyrj@comsenz.com,Male,170.75.121.166,652
993,Dalton,Cocklin,dcocklinrk@issuu.com,Non-binary,120.22.141.211,276
994,Brett,Sainsbury-Brown,bsainsburybrownrl@prweb.com,Male,239.175.176.86,954
995,Bastien,Starmore,bstarmorerm@aol.com,Male,245.25.59.44,473
996,Calypso,Farrar,cfarrarrn@vinaora.com,Female,155.196.224.12,502
997,Sidonia,Nanetti,snanettiro@usa.gov,Agender,198.117.141.165,237
998,Arri,Sheer,asheerrp@prlog.org,Male,214.46.45.93,178
999,Lannie,Philler,lphillerrq@ed.gov,Male,192.103.100.171,724
1000,Stephani,Averall,saverallrr@jigsy.com,Female,103.60.74.158,863
